,long,lat,Area,Began,Ended,Soil,hourly_precip_mean,hourly_precip_std,hourly_runoff_mean,hourly_runoff_std,Real?,sand,silt,clay
0,143.6978,-31.268059,468962.971,2000-02-18,3/1/2000,86.0,0.0002416203642496,0.0009072032989934,2.553436570451595e-05,0.0003350122715346,True,0.105,0.478,0.417
1,105.063841,11.242567,119919.5595,2000-07-11,8/10/2000,31.0,0.0005388370482251,0.0008273913408629,0.0001446938695153,0.0004511279985308,True,0.003,0.246,0.751
2,113.483009,25.229313,25899.57821,2000-09-01,9/6/2000,4.0,0.0008870422607287,0.0022705395240336,0.0004175354260951,0.0014510749606415,True,0.478,0.466,0.056
3,88.5453,24.084064,155000.8817,2000-09-18,10/21/2000,31.0,0.0012321211397647,0.0021040521096438,0.0007196484948508,0.0018813476199284,True,0.003,0.246,0.751
4,84.798732,21.055916,105057.2949,2001-07-08,8/10/2001,50.0,0.0011058609234169,0.0017608912894502,0.0004706804757006,0.001208675908856,True,0.91,0.03,0.06
5,34.427661,14.996666,557928.1071,2001-08-06,9/13/2001,86.0,0.0002356990444241,0.0006686903652735,6.31451839581132e-05,0.0002299823390785,True,0.105,0.478,0.417
6,16.260548,9.326659,104251.7308,2001-08-19,10/11/2001,43.0,0.0002790132712107,0.0007146305870264,4.1639606934040785e-05,0.0001873414439614,True,0.349,0.266,0.385
7,105.382431,11.768371,74458.22116,2001-08-15,11/19/2001,31.0,0.0003734946949407,0.0007969762082211,8.492567576467991e-05,0.0002413345791865,True,0.003,0.246,0.751
8,83.051328,26.755588,35442.05965,2001-08-20,9/11/2001,8.0,0.000557409832254,0.0013404572382569,0.0001716868282528,0.0007681951392441,True,0.102,0.447,0.451
9,84.869961,26.532079,30123.9464,2001-09-07,9/24/2001,12.0,0.0008762939833104,0.0018300751689821,0.0005659618182107,0.0015112597029656,True,0.372,0.252,0.376
10,-9.227085,10.549334,264055.3911,2001-08-18,10/9/2001,50.0,0.0001521680678706,0.0006644286913797,4.036882455693558e-05,0.0003631497966125,True,0.91,0.03,0.06
11,-61.214816,-32.897203,627890.7693,2001-10-01,12/1/2001,38.0,0.0005283679929561,0.0011488110758364,8.855529449647292e-05,0.0003627271507866,True,0.033,0.65,0.317
12,42.508939,0.491533,3907.324849,2001-11-01,11/14/2001,41.0,0.0002564070164225,0.0010501240612939,1.472850635764189e-05,0.0001552573958178,True,0.396,0.431,0.173
13,-89.868418,35.18328,132283.2401,2001-11-28,12/7/2001,31.0,0.0007261441787704,0.0013462867354974,0.0001047701953211,0.0004287563206162,True,0.003,0.246,0.751
14,-91.79578,34.93086,45272.8891,2001-12-17,12/25/2001,30.0,0.0010716919787228,0.0018734418554231,0.0003552040434442,0.0010066700633615,True,0.3,0.47,0.23
15,-50.481932,-11.878068,139112.7861,2002-01-15,4/2/2002,5.0,0.0004316310805734,0.0009717147913761,0.0003208780835848,0.000323861837387,True,0.76,0.13,0.11
16,43.063067,7.310603,282524.6533,2002-04-16,4/21/2002,74.0,0.0004388974630273,0.0012628743425011,3.82277685275767e-05,0.0002867886796593,True,0.068,0.708,0.224
17,33.544103,-0.075707,1111282.616,2002-04-26,5/28/2002,1.0,0.0001026179888867,0.0004536311607807,3.427679985179566e-05,0.0002218509034719,True,0.886,0.07,0.044
18,-88.288297,39.195432,257337.9671,2002-05-07,6/8/2002,39.0,0.0003300191892776,0.0010976387420669,0.0001053195665008,0.000350494578015,True,0.039,0.764,0.197
19,64.578305,58.692261,61802.23867,2002-05-07,6/6/2002,20.0,3.955102147301659e-05,0.0001618871319806,1.107783191400813e-05,5.203798536967952e-06,True,0.121,0.735,0.144
20,-57.810991,-26.67674,52917.92075,2002-05-06,5/28/2002,91.0,0.000839008251205,0.0024112982209771,0.0002798791683744,0.0010690985945984,True,0.4,0.37,0.23
21,-55.950506,-32.486429,205292.0036,2002-04-23,5/9/2002,39.0,0.0006559391622431,0.0013511799043044,0.0002730373525992,0.0007783873588778,True,0.039,0.764,0.197
22,-95.906382,47.340749,47497.7929,2002-06-08,6/29/2002,33.0,4.1077928472077474e-05,0.0002954639494419,1.1419749171182048e-05,6.55899430057616e-06,True,0.037,0.259,0.704
23,-79.430735,22.001825,15669.48002,2002-06-12,6/16/2002,4.0,0.0014588448684662,0.0016759908758103,0.0001594269560882,0.000487472716486,True,0.478,0.466,0.056
24,43.255015,43.99291,224555.1309,2002-06-19,7/1/2002,45.0,0.0004498213238548,0.0008552038925699,6.849415512988344e-05,0.0002130519860656,True,0.528,0.289,0.183
25,115.253472,29.663348,598178.9773,2002-06-30,7/13/2002,31.0,0.0004538368666544,0.0012698567006736,0.0002701118064578,0.0008132929797284,True,0.003,0.246,0.751
26,-98.359295,29.532606,134175.4838,2002-06-30,7/23/2002,49.0,0.0005664163618348,0.00128982483875,2.4088731152005497e-05,0.0001566113205626,True,0.742,0.195,0.063
27,89.269578,25.841781,276609.3695,2002-06-21,8/28/2002,31.0,0.0006292212638072,0.0016574100591242,0.000414664245909,0.0013839262537658,True,0.003,0.246,0.751
28,-70.784933,7.059215,1418.553283,2002-07-05,7/8/2002,,0.00048769346904,0.0008895263308659,0.0004452174471225,0.0003409035271033,True,,,
29,-101.73755,41.092153,712.6877447,2002-07-06,7/8/2002,,0.0003271993191447,0.0008740787161514,2.101247673635953e-06,6.836477950855624e-06,True,,,
30,83.355221,27.57515,1921.203892,2002-07-07,7/9/2002,43.0,0.0004189776082057,0.0008916755323298,0.0001717319537419,0.0006337078521028,True,0.349,0.266,0.385
31,120.562734,15.340286,20604.45089,2002-07-06,7/19/2002,10.0,0.0013558517675846,0.0011430140584707,0.0002351381408516,0.0006159005570225,True,0.48,0.25,0.27
32,174.757299,-36.951818,6948.684413,2002-07-12,7/15/2002,4.0,0.000633024435956,0.0011093330103904,4.941150837112218e-05,0.0002151667285943,True,0.478,0.466,0.056
33,105.253898,10.501685,46641.08313,2002-07-15,12/2/2002,31.0,0.0002883030974771,0.0006542901974171,1.419252839696128e-05,0.0001142527617048,True,0.003,0.246,0.751
34,26.177966,47.646899,5421.406439,2002-07-19,7/23/2002,51.0,0.0004086560802534,0.0009826333262026,1.0841091352631338e-05,3.7181969673838466e-05,True,0.153,0.701,0.146
35,-69.306735,7.565261,224943.5421,2002-07-20,7/31/2002,30.0,0.0003148023388348,0.0007041455828584,0.0003181709907948,0.000417893519625,True,0.3,0.47,0.23
36,132.379911,43.882229,23877.41665,2002-07-20,7/26/2002,51.0,0.0005710897385142,0.00137228902895,9.798350947676226e-05,0.0004355495912022,True,0.153,0.701,0.146
37,85.306497,27.696051,15065.7076,2002-07-21,8/15/2002,43.0,0.0020051968749612,0.0035050236620008,0.0014925433788448,0.0032299135345965,True,0.349,0.266,0.385
38,18.579803,-34.013343,275.3122077,2002-07-28,8/3/2002,,0.0003647443663794,0.0009096054127439,1.3581397070083767e-05,8.794647874310613e-05,True,,,
39,116.272368,24.46072,2120.161194,2002-08-05,8/12/2002,40.0,0.0007070393767207,0.0008919579559005,0.0001004661098704,0.000239101180341,True,0.8,0.15,0.05
40,112.817215,26.778129,94511.30521,2002-08-06,8/28/2002,87.0,0.0004492453008424,0.0011349890846759,0.0002189641818404,0.0004411833069752,True,0.231,0.407,0.362
41,13.029419,48.568393,252250.7015,2002-08-07,8/28/2002,7.0,0.0004047346301376,0.0008446352439932,6.321011460386217e-05,0.0002236074651591,True,0.234,0.568,0.198
42,55.552555,37.523287,9715.157244,2002-08-10,8/14/2002,40.0,8.201670425478369e-06,5.5885317124193534e-05,7.818970289008575e-07,6.943038897588849e-06,True,0.8,0.15,0.05
43,104.67945,22.564405,50976.85651,2002-08-14,8/22/2002,4.0,0.0004426091909408,0.0007204356370493,0.000398785516154,0.000498664623592,True,0.478,0.466,0.056
44,103.52736,16.772387,371596.2779,2002-08-18,11/26/2002,2.0,0.0008013150072656,0.0012967282673344,0.0004304623871576,0.0010643952991813,True,0.651,0.292,0.057
45,95.753361,22.418744,125461.4211,2002-08-17,9/4/2002,4.0,0.0004650697519537,0.0008694825228303,0.00035555838258,0.0007368921069428,True,0.478,0.466,0.056
46,-72.131113,-35.862785,62183.45648,2002-08-24,8/29/2002,49.0,0.0013628201559185,0.0016494605224579,0.0004448532999958,0.0010571419261395,True,0.742,0.195,0.063
47,128.621321,35.43766,11999.64685,2002-08-31,9/3/2002,8.0,0.0018363875569775,0.0039233472198247,0.0008049710886552,0.0026971376501023,True,0.102,0.447,0.451
48,133.884674,45.934582,1348.909145,2002-08-28,9/6/2002,,0.0001335023989668,0.0003114811843261,3.8364072679542005e-05,3.7809211789863184e-05,True,,,
49,73.220062,21.539107,78978.69922,2002-09-03,9/6/2002,13.0,0.0007202150300145,0.0010792476823553,0.0001844457729021,0.0004944341490045,True,0.269,0.26,0.471
50,4.447589,44.034528,10479.26914,2002-09-08,9/12/2002,22.0,0.000394658971345,0.0011860647937282,4.883870133198798e-05,0.000279408035567,True,0.34,0.3,0.36
51,-96.029696,29.65109,97964.82062,2002-09-06,9/19/2002,49.0,0.0002082481660181,0.0005881197866983,1.2304003575991374e-06,1.6721311112632975e-05,True,0.742,0.195,0.063
52,105.175058,18.577824,19984.67672,2002-09-20,9/30/2002,4.0,0.0019120263168588,0.0019926978275179,0.0009285673149861,0.0015965364873409,True,0.478,0.466,0.056
53,19.773795,41.397529,11922.11596,2002-09-21,10/8/2002,49.0,6.0430738813010976e-05,0.0002735231537371,1.1135858585475944e-05,3.4220200177514926e-05,True,0.742,0.195,0.063
54,100.951102,14.974281,139683.9183,2002-09-17,12/2/2002,4.0,0.0004490597639232,0.0008497050730511,0.0001573163899593,0.0003502679173834,True,0.478,0.466,0.056
55,-83.979545,22.381538,20039.46687,2002-09-29,10/7/2002,4.0,0.0001487338740844,0.0003892531967721,1.8032296793535352e-05,6.967326771700755e-05,True,0.478,0.466,0.056
56,-89.924261,34.607325,11708.01786,2002-10-10,10/12/2002,31.0,0.000731025065761,0.0015478971181437,0.0002164154138881,0.0007579184602946,True,0.003,0.246,0.751
57,-60.10113,-31.071974,283687.6378,2002-10-12,11/2/2002,39.0,0.0004212547792121,0.0011548731708899,0.0001086507254512,0.0003718596417456,True,0.039,0.764,0.197
58,-57.96164,-31.619618,187542.8548,2002-10-12,11/11/2002,91.0,0.0005029438761994,0.0011244235793128,0.0002303680957993,0.000534666061867,True,0.4,0.37,0.23
59,-150.891253,60.335681,13912.96323,2002-10-24,10/28/2002,68.0,0.001768673886545,0.0016056208405643,0.000633232994005,0.0007807085639797,True,0.934,0.057,0.009
60,-96.029696,29.65109,106239.3724,2002-10-23,11/13/2002,49.0,0.0007088098791427,0.001413945457898,6.232928717508912e-05,0.0003668849531095,True,0.742,0.195,0.063
61,108.878131,14.206227,7902.14137,2002-10-26,10/29/2002,4.0,0.0005640005692839,0.0006488733924925,6.013091478962451e-05,0.0001072690283763,True,0.478,0.466,0.056
62,113.384882,24.269423,7741.036752,2002-10-28,11/2/2002,4.0,0.0003545745566952,0.0005669599049724,6.999798642937094e-05,0.0001411989651387,True,0.478,0.466,0.056
63,172.869147,-43.667295,600.7538154,2002-11-19,11/21/2002,,0.0003193215234205,0.0004547445860225,1.2196186389701325e-06,3.2608975288894726e-06,True,,,
64,-7.098795,33.109088,40845.92165,2002-11-24,11/29/2002,87.0,0.0006370737100951,0.0010642800480127,4.928997805109248e-05,0.0001928577112266,True,0.231,0.407,0.362
65,8.642375,45.829287,29901.94559,2002-11-22,12/3/2002,31.0,0.0004211860650684,0.0007348292856477,0.0001928161509567,0.0003694971383083,True,0.003,0.246,0.751
66,4.145883,43.730782,1292.702712,2002-12-13,12/14/2002,,0.000673737260513,0.000839720480144,0.0001676755928201,0.0003134923754259,True,,,
67,-122.478319,38.939731,44627.03408,2002-12-14,12/24/2002,3.0,0.0011716063600033,0.0017261378234252,0.0001924075768329,0.0005661683971993,True,0.181,0.265,0.554
68,100.517101,0.977528,21909.33517,2002-12-15,12/20/2002,4.0,0.0004068455891683,0.0007508914568461,0.0001820431207306,0.000280719337752,True,0.478,0.466,0.056
69,-92.620622,31.833155,457677.6426,2003-01-01,1/6/2003,4.0,0.0001987394643947,0.000810160068795,5.984239760437049e-05,0.0002732939028646,True,0.478,0.466,0.056
70,-0.543564,51.264587,48599.81016,2003-01-01,1/6/2003,31.0,0.000177693364094,0.0004011007549706,2.367225715715904e-05,4.810977043234743e-05,True,0.003,0.246,0.751
71,38.874709,-14.766118,410708.5406,2003-01-01,2/17/2003,50.0,0.0003176250029355,0.0008673236588947,3.7573379813693464e-05,0.000304272660287,True,0.91,0.03,0.06
72,-64.944989,-16.48569,19475.49734,2003-01-03,1/8/2003,7.0,0.0007297362317331,0.0009473305544815,0.0002479526447132,0.0004790123493876,True,0.234,0.568,0.198
73,113.005128,-2.428747,9362.832734,2003-01-14,2/6/2003,,0.0001912509906105,0.0006182127981446,0.0001398264284944,0.0001155562349595,True,,,
74,-60.978623,-29.455848,60476.41606,2003-01-13,1/31/2003,79.0,0.0002421128592686,0.0009532279800623,5.85293528274633e-05,0.0002103527513099,True,0.1,0.52,0.38
75,102.893883,2.467598,2994.312727,2003-01-20,2/10/2003,,0.0005555356619879,0.0007323740283027,7.068276318022981e-05,0.0001746582856867,True,,,
76,-2.498648,57.049015,292.0037295,2003-01-22,1/23/2003,,0.0002437535586068,0.00041573488852,7.018999167485163e-05,3.353731517563574e-05,True,,,
77,139.396536,-17.930109,166298.581,2003-01-22,3/6/2003,40.0,0.0002397217613179,0.0006515601999126,2.8260854378459044e-05,0.0001301646698266,True,0.8,0.15,0.05
78,-70.432286,-13.374411,78942.02339,2003-01-23,2/10/2003,4.0,0.0007042310899123,0.0012166228843852,0.0005226978100836,0.0009896844858303,True,0.478,0.466,0.056
79,15.920488,41.347305,28756.00203,2003-01-25,1/27/2003,8.0,0.0006072747637517,0.000779237714596,8.607409836258739e-05,0.0001971935562323,True,0.102,0.447,0.451
80,118.21192,-22.496397,294622.2614,2003-01-26,2/4/2003,52.0,0.0008480754913762,0.0017220256850123,5.514754229807295e-05,0.0003801676502916,True,0.602,0.118,0.28
81,-69.309972,-15.87345,65370.87813,2003-01-28,2/10/2003,40.0,0.0004278596607036,0.0005986358155496,0.0002028238086495,0.0002748690021689,True,0.8,0.15,0.05
82,107.641486,-7.046763,4154.772859,2003-01-30,2/9/2003,,0.0017021232051774,0.0027344550471752,0.0009258086211048,0.0020197769626975,True,,,
83,150.372737,-23.771908,46117.21716,2003-02-05,2/12/2003,92.0,0.0011931982589885,0.0016649723984301,3.4751385101117194e-05,0.0003624536038842,True,0.45,0.17,0.38
84,146.722097,-22.278126,40587.43977,2003-02-11,2/14/2003,92.0,0.0003334863868076,0.0007777670398354,1.0664163710316645e-05,9.759898239281029e-05,True,0.45,0.17,0.38
85,107.603981,-6.973194,401.2240652,2003-02-16,2/17/2003,,0.0012176927411928,0.0017650666413828,0.0006708845030516,0.0009270312148146,True,,,
86,68.067654,27.524729,433469.9446,2003-02-16,2/22/2003,40.0,9.757827501744032e-05,0.0003514647250995,1.483792630097014e-06,8.096532837953418e-06,True,0.8,0.15,0.05
87,21.700514,-12.176378,607286.0062,2003-01-15,7/1/2003,71.0,4.840387191507034e-05,0.0002760409843176,1.6819010852486826e-05,6.368220783770084e-05,True,0.91,0.025,0.065
88,18.014563,-10.439194,115312.468,2003-02-06,2/20/2003,72.0,8.770487329456955e-05,0.0003581714408937,9.629466512706132e-05,7.048965926514938e-05,True,0.87,0.04,0.09
89,-90.065158,31.463349,785574.9401,2003-02-22,3/17/2003,4.0,0.0005078963586129,0.0010940426727756,0.0001338701258646,0.0004268114862497,True,0.478,0.466,0.056
90,-1.165927,43.302177,106247.983,2003-02-05,2/13/2003,8.0,0.0003617468173615,0.0006885522743687,8.149760105879977e-05,0.0002588837814982,True,0.102,0.447,0.451
91,138.397895,-29.212829,1260590.177,2003-02-22,3/24/2003,86.0,0.0003797266399487,0.0010585215641185,1.0406498404336162e-05,0.0001427399402018,True,0.105,0.478,0.417
92,22.223743,39.608875,35397.85483,2003-01-27,2/7/2003,74.0,0.0005114064551889,0.0007303507300093,0.0001128838412114,0.0002764875534921,True,0.068,0.708,0.224
93,-50.481932,-11.878068,139112.7861,2003-01-11,4/22/2003,5.0,0.0001105332630686,0.0003663914685603,2.04865682462696e-05,8.222912583732978e-05,True,0.76,0.13,0.11
94,26.714824,41.591029,26936.7804,2003-01-17,3/3/2003,49.0,1.0261899774377525e-07,9.532372473586292e-07,7.638894203410018e-06,2.030001996899955e-05,True,0.742,0.195,0.063
95,28.31203,38.089335,37809.06219,2003-02-04,3/12/2003,8.0,0.0002502281276974,0.0005642134929075,4.898841507383622e-05,0.0001457355683669,True,0.102,0.447,0.451
96,124.222901,-17.970507,68628.39702,2003-03-02,3/11/2003,86.0,0.0002381802478339,0.0008309326949529,9.197814506478608e-06,0.0001095086190616,True,0.105,0.478,0.417
97,-88.017873,37.41102,32682.00779,2003-02-26,3/7/2003,53.0,0.000111642635602,0.0002589295327197,0.0001176701116492,6.98344229022041e-05,True,0.061,0.867,0.072
98,32.664524,-21.37826,137205.7698,2003-03-05,3/16/2003,71.0,0.0017128232866525,0.0030004603322595,0.0003476378915365,0.0012777677038684,True,0.91,0.025,0.065
99,-1.035382,41.834366,19395.83205,2003-02-27,3/10/2003,97.0,0.0004409243992995,0.0006757106166332,3.604701851145364e-05,0.0001112125755753,True,0.98,0.005,0.015
100,133.126397,-14.085462,338861.6953,2003-03-07,3/17/2003,40.0,0.0005570249049924,0.0010592389153316,0.0001334423141088,0.0002973352093249,True,0.8,0.15,0.05
101,27.689975,-16.066257,22883.25997,2003-03-11,3/15/2003,87.0,0.0014642146416008,0.001836436567828,0.0003925869241356,0.0008661315659992,True,0.231,0.407,0.362
102,-81.775621,35.151636,269996.8264,2003-03-19,3/31/2003,4.0,0.0002459953539073,0.0005605868645943,5.9314737882232293e-05,7.08998559275642e-05,True,0.478,0.466,0.056
103,34.90579,-19.764418,701.5655356,2003-03-26,3/28/2003,,0.0004949155845679,0.0013201755937188,1.2462475751817692e-05,7.974553591338918e-05,True,,,
104,-63.985665,45.104961,13530.4754,2003-03-31,4/3/2003,48.0,0.0009278964134864,0.0015834055375307,0.0002504857839085,0.0006331187905743,True,0.54,0.33,0.13
105,47.192685,40.941743,30866.25921,2003-04-16,6/4/2003,95.0,0.0003318572998978,0.0005193950491957,4.6728895540582016e-05,8.649163646623492e-05,True,0.489,0.321,0.19
106,-60.497122,-31.579077,280039.6284,2003-04-28,5/10/2003,39.0,0.0005484618013724,0.0013424386270344,0.0001927542325574,0.0006259410874918,True,0.039,0.764,0.197
107,143.695571,-4.402145,24063.21335,2003-04-14,5/4/2003,43.0,0.0003188634582329,0.0006205380195751,0.0002037361846305,0.0003420512657612,True,0.349,0.266,0.385
108,103.543957,-1.503825,13874.72848,2003-05-03,5/6/2003,4.0,0.0003942314360756,0.0008047148585319,0.0002334167947992,0.0002615523117128,True,0.478,0.466,0.056
109,44.63536,5.371116,52987.31324,2003-05-04,5/20/2003,86.0,6.655427569057792e-05,0.0003030122607015,1.015348516375525e-06,1.8435992387821894e-05,True,0.105,0.478,0.417
110,-85.484459,35.214217,313672.7246,2003-05-06,5/14/2003,4.0,0.0005687656812369,0.0015657887561246,0.0001499542413512,0.0005935001536272,True,0.478,0.466,0.056
111,90.853814,26.170616,702361.6591,2003-06-11,10/10/2003,8.0,0.0004194545035716,0.0012807208113372,0.0002439211821183,0.0008849713485687,True,0.102,0.447,0.451
112,-82.363306,38.357408,60614.79836,2003-06-13,6/19/2003,7.0,0.0004661201674025,0.0008803205564618,8.666859503136948e-05,0.0002043868735199,True,0.234,0.568,0.198
113,91.932656,21.923872,4231.00235,2003-06-19,7/3/2003,,0.0007689752383157,0.0007251515635289,6.276048225117847e-05,0.0002065696753561,True,,,
114,118.401191,28.83099,1540349.441,2003-06-23,7/28/2003,4.0,0.0004430582630448,0.001151347416453,0.0001196723314933,0.0004235983360558,True,0.478,0.466,0.056
115,124.376833,7.043913,1183.339102,2003-06-25,6/26/2003,,0.0001893766457214,0.0004631802148651,5.975558815407567e-05,0.0001721216976875,True,,,
116,115.717939,32.51656,126534.387,2003-07-01,8/7/2003,31.0,0.0007978437351994,0.0017675802810117,0.0002744920784607,0.0008241237956099,True,0.003,0.246,0.751
117,-85.976116,39.788686,150549.9077,2003-07-05,7/21/2003,53.0,0.0001162765765911,0.0007331030792556,3.497053330647759e-05,6.014894097461365e-05,True,0.061,0.867,0.072
118,95.503476,20.574716,235095.9021,2003-07-02,9/1/2003,4.0,0.000681682198774,0.0013030072441324,0.0002512409409973,0.0007394240237772,True,0.478,0.466,0.056
119,72.2101,28.731898,868200.9419,2003-07-15,9/1/2003,71.0,0.0001711447694106,0.0006189344567246,1.8204700609203428e-05,0.000191559549421,True,0.91,0.025,0.065
120,124.701838,47.943961,215590.7945,2003-07-27,10/10/2003,38.0,0.000587616872508,0.0011879701633006,0.0001169101888081,0.0005529625341296,True,0.033,0.65,0.317
121,20.249655,10.996461,486564.8425,2003-08-03,11/2/2003,87.0,0.0002449497114866,0.00071619276423,1.632993735256605e-05,0.0001171854019048,True,0.231,0.407,0.362
122,4.735272,12.394812,138852.9014,2003-08-05,10/12/2003,73.0,0.0001641839335206,0.0005185715854167,1.7033938775057322e-06,2.0157945982646197e-05,True,0.779,0.151,0.07
123,10.012759,12.63425,19628.9663,2003-08-05,10/12/2003,76.0,0.000337237259373,0.0008820552611723,3.1084189231478376e-06,1.6571195374126546e-05,True,0.74,0.16,0.1
124,-12.940183,15.939171,586302.5309,2003-08-09,11/5/2003,40.0,0.0004870801058132,0.0016113164601847,5.009541200706735e-05,0.0004413802234921,True,0.8,0.15,0.05
125,-3.10202,14.211698,1028149.434,2003-08-10,10/19/2003,50.0,0.0002988009073305,0.0012377054663375,3.2218133128480986e-05,0.0002592185337562,True,0.91,0.03,0.06
126,147.481311,-41.693254,3538.664793,2003-08-24,8/27/2003,,0.0007502292864955,0.0014354925369843,0.0001775804557837,0.0005774734891019,True,,,
127,107.984942,35.681249,471060.825,2003-08-24,11/12/2003,40.0,0.0003419713757466,0.0008471670444123,6.541049515362829e-05,0.0002373430179432,True,0.8,0.15,0.05
128,44.369848,44.70018,11776.47384,2003-08-27,8/29/2003,45.0,2.884906280087307e-05,0.0001672510261414,2.1489405810370954e-07,9.566477956468589e-07,True,0.528,0.289,0.183
129,103.018185,30.031634,6155.3353,2003-08-26,8/30/2003,,0.0006020903820171,0.0009219656349159,0.0002878837112803,0.0005335693713277,True,,,
130,85.893641,20.625759,117883.616,2003-08-27,10/20/2003,59.0,0.0012881546281278,0.002039814600721,0.0003831017238553,0.0010425643995404,True,0.21,0.15,0.64
131,-86.61734,39.734374,32128.22646,2003-09-01,9/9/2003,53.0,0.0007711049402132,0.0018116905121132,0.000143821365782,0.0008034266647882,True,0.061,0.867,0.072
132,7.48686,10.514296,134916.2603,2003-09-05,10/28/2003,50.0,0.0003640048089437,0.0009358285460621,4.577320578391664e-05,0.0002072841161862,True,0.91,0.03,0.06
133,101.592527,17.372818,314895.7046,2003-09-12,10/12/2003,4.0,0.0007509036804549,0.0011245521018281,0.000429227220593,0.0009254733449779,True,0.478,0.466,0.056
134,4.157209,43.723115,731.0570814,2003-09-22,9/23/2003,,0.0004679430858232,0.0011898084776476,1.8992081095348112e-05,0.00011045645806,True,,,
135,11.923531,8.877517,137749.9962,2003-09-22,10/10/2003,50.0,0.0001901065115816,0.00062667025486,7.356418791459873e-05,0.0001916963374242,True,0.91,0.03,0.06
136,-99.205473,27.63037,62960.79449,2003-10-12,10/24/2003,49.0,0.0007659301627427,0.0023441044613718,0.0002242101036245,0.0014344668015837,True,0.742,0.195,0.063
137,108.846404,14.767484,10631.91675,2003-10-15,10/22/2003,4.0,0.000910559319891,0.0011081714183092,0.0001375392603222,0.0003249269502703,True,0.478,0.466,0.056
138,99.789967,12.559171,11463.21359,2003-10-17,11/4/2003,4.0,0.0007069748826324,0.0011936188675463,0.0001667669130256,0.0004858465108554,True,0.478,0.466,0.056
139,-53.268681,-29.928802,73221.48566,2003-10-27,10/31/2003,4.0,0.0008162973681464,0.0018863078439608,0.0001324120094068,0.0005518039688467,True,0.478,0.466,0.056
140,-70.982583,19.479425,21413.21214,2003-11-10,11/26/2003,7.0,0.0001704072492429,0.0005617812857963,2.5643408662290312e-05,0.0001974393235286,True,0.234,0.568,0.198
141,-61.685982,-32.712168,297683.2645,2003-11-11,11/13/2003,39.0,0.0003195567114744,0.001270847627893,3.817684773821384e-05,0.0003102309128735,True,0.039,0.764,0.197
142,-6.249491,37.091158,13377.32803,2003-11-01,1/18/2004,87.0,0.0002466301084496,0.0007367176003754,1.979451008082833e-05,0.0001255168317584,True,0.231,0.407,0.362
143,4.940849,44.821672,86272.34084,2003-12-01,12/10/2003,22.0,0.0002875599311664,0.0006973712006583,5.221777246333659e-05,0.0002415825874777,True,0.34,0.3,0.36
144,102.901561,-1.041628,82419.9448,2003-12-10,1/23/2004,4.0,0.0006320727407,0.0010117363417521,0.0004684302548412,0.0007806119974702,True,0.478,0.466,0.056
145,125.765745,8.881978,12916.98655,2003-12-19,1/7/2004,0.0,0.0012917480198666,0.0011690628016367,0.0002540684363339,0.0005913920467719,True,,,
146,-85.387751,38.677006,167998.107,2004-01-04,1/16/2004,53.0,0.0005801226943731,0.000926622247789,0.0001162445114459,0.0002456468937452,True,0.061,0.867,0.072
147,51.439491,29.466641,87835.80431,2004-01-10,1/19/2004,74.0,0.0008137101540341,0.0012672248994931,0.0001507876295363,0.0005115709500387,True,0.068,0.708,0.224
148,141.147792,-19.171139,1231895.803,2004-01-14,2/25/2004,86.0,0.0007193856872618,0.0013039472978562,4.48587816208601e-05,0.0003233417228329,True,0.105,0.478,0.417
149,32.868116,-25.398999,1308.786822,2004-01-25,2/6/2004,,0.0008407556451857,0.0015863273292779,6.001053407089785e-05,0.0002919247781392,True,,,
150,147.369055,-41.406343,17758.40156,2004-01-29,2/5/2004,92.0,0.0013706705067306,0.0013473102590069,5.7158082199748605e-05,0.0001355155109195,True,0.45,0.17,0.38
151,15.226178,-16.048042,75082.67783,2004-01-27,3/1/2004,25.0,0.0001566177379572,0.0006811344646848,5.592142042587511e-05,0.0003132217098027,True,0.16,0.08,0.76
152,-3.781964,53.132767,385.6026067,2004-02-03,2/7/2004,,0.0005196255515329,0.000632912677247,0.000114493901492,0.0001000060801743,True,,,
153,21.427401,-14.561533,615606.1712,2004-02-01,6/2/2004,71.0,0.0004127093707211,0.0007909294217824,4.839419852942228e-05,0.0001583603152539,True,0.91,0.025,0.065
154,44.642355,-17.482511,176541.4394,2004-01-08,2/20/2004,7.0,0.0003421753935981,0.0009277336066588,7.31867621652782e-05,0.0003879133437294,True,0.234,0.568,0.198
155,46.162687,30.840634,150236.8859,2004-01-16,2/25/2004,105.0,2.4605473299743608e-05,9.335354843642564e-05,9.78080333879916e-06,3.9367470890283585e-05,True,0.457,0.273,0.27
156,27.983815,38.156763,23470.39726,2004-01-24,2/14/2004,41.0,0.000518539105542,0.0009997303131967,0.0001013093424262,0.0003360818082001,True,0.396,0.431,0.173
157,125.744039,8.22929,20372.96263,2004-02-11,2/25/2004,4.0,0.0009654404711909,0.001061076298356,0.000291484844638,0.0006247335695661,True,0.478,0.466,0.056
158,108.143784,-6.409578,3685.680804,2004-02-17,2/25/2004,42.0,0.0005469408934004,0.0008166595944203,0.0001539664372103,0.0003862584708258,True,0.174,0.618,0.208
159,-50.481932,-11.878068,139112.7861,2004-02-11,5/5/2004,5.0,0.0008339692722074,0.0010623743291944,0.0005811249720863,0.0008822167874313,True,0.76,0.13,0.11
160,134.693836,-16.976898,338694.1925,2004-02-18,3/10/2004,86.0,0.0002519820118322,0.0007367099169641,7.352110696956515e-05,0.000187978381291,True,0.105,0.478,0.417
161,124.624336,-17.94512,42114.99633,2004-02-20,3/7/2004,86.0,0.0001959511573659,0.0007410352700389,6.964388830965618e-06,3.5005465178983286e-05,True,0.105,0.478,0.417
162,-63.676299,-12.852237,209386.975,2004-02-23,4/1/2004,5.0,0.0001671394857112,0.0005464277346618,0.0002985855971928,0.0005162335000932,True,0.76,0.13,0.11
163,34.557547,-19.186526,3374.3011,2004-03-05,3/19/2004,43.0,0.0004666425520554,0.0008327964460477,2.8426104108802978e-05,0.00013489984849,True,0.349,0.266,0.385
164,-95.963498,37.156236,108613.6246,2004-03-04,3/8/2004,39.0,0.0006412723450921,0.0013025797670707,0.0001471945579396,0.0005321952048689,True,0.039,0.764,0.197
165,18.025087,45.28903,47165.15917,2004-03-23,4/3/2004,7.0,0.0003720120876096,0.0006858022534288,9.30836977204308e-05,0.0002219085290562,True,0.234,0.568,0.198
166,-97.999353,48.162017,30761.92915,2004-03-28,4/11/2004,16.0,0.0005694678984582,0.0011875975178554,0.0001805515930755,0.0005692386184819,True,0.509,0.289,0.202
167,34.484838,53.473921,839987.0041,2004-03-30,5/5/2004,20.0,4.9811827921075746e-05,0.0001410400582244,3.133776772301644e-05,2.0657269487855956e-05,True,0.121,0.735,0.144
168,17.774912,44.866138,104997.2042,2004-04-12,5/2/2004,36.0,0.0003849076165352,0.0005036633228883,5.2144849178148434e-05,0.000115907183499,True,0.51,0.217,0.273
169,86.61021,51.975446,264456.0204,2004-04-14,5/16/2004,40.0,0.0004616775549948,0.0005625279736705,4.29870342486538e-05,0.0001192208728753,True,0.8,0.15,0.05
170,91.694661,24.894242,29066.33632,2004-04-14,5/3/2004,31.0,0.001632850151509,0.0026804644148796,0.0009885270847007,0.0022519188933074,True,0.003,0.246,0.751
171,-93.279256,35.749552,177018.7219,2004-04-24,5/2/2004,39.0,0.0010138340294361,0.0015654140152037,0.000196439505089,0.0005620819865725,True,0.039,0.764,0.197
172,116.827676,-0.527894,14229.48066,2004-05-07,5/11/2004,61.0,0.0005540595157071,0.000879660481587,0.0002316626487299,0.0003860734577756,True,0.9,0.05,0.05
173,-96.516582,30.845334,7786.590653,2004-05-13,5/15/2004,49.0,0.0003510007227305,0.0009117417503148,9.987181329051964e-06,4.693516893894411e-05,True,0.742,0.195,0.063
174,-67.795332,7.229665,90256.29128,2004-06-08,10/1/2004,30.0,0.0004295243124943,0.0007396819419227,0.0002697216696105,0.0004629303875844,True,0.3,0.47,0.23
175,-88.719498,43.475162,28979.14228,2004-06-10,6/21/2004,53.0,0.0004378731246106,0.0008458640659227,4.8448524466948584e-05,6.848585326224566e-05,True,0.061,0.867,0.072
176,85.891802,25.498908,1162598.059,2004-06-20,10/7/2004,4.0,0.0008928725728765,0.0014159309212118,0.0003158908511977,0.0009214045130647,True,0.478,0.466,0.056
177,-84.892717,13.113306,26962.04933,2004-06-24,7/20/2004,3.0,0.0004786194767802,0.0008067108574323,0.000113067762868,0.0003080800524912,True,0.181,0.265,0.554
178,124.576171,7.377152,2079.619914,2004-06-28,6/30/2004,,0.0002769971324596,0.0003590552078094,7.641094998689368e-05,0.0001070092112058,True,,,
179,104.833562,28.863679,14994.27169,2004-06-28,6/30/2004,4.0,0.0005129781202413,0.0011317973257973,0.0001275341783184,0.0003695748746395,True,0.478,0.466,0.056
180,86.252493,27.086351,65222.23179,2004-07-05,8/11/2004,43.0,0.0006534591666422,0.0009986190125346,0.0003978864406235,0.0005963948206044,True,0.349,0.266,0.385
181,110.433067,24.001405,156995.5812,2004-07-14,7/27/2004,1.0,0.0004683688457589,0.0009804818546399,0.0002331054274691,0.0005968268960714,True,0.886,0.07,0.044
182,110.828548,27.875808,86023.98597,2004-07-17,7/30/2004,4.0,0.0002413412294117,0.0006697743665426,0.0001567029976285,0.0002858692023437,True,0.478,0.466,0.056
183,124.577333,7.021074,2439.38028,2004-07-31,8/13/2004,,0.0003471238014753,0.0007760951993986,0.0002342418010812,0.0005792072042822,True,,,
184,103.073488,15.397299,378045.1229,2004-08-06,10/3/2004,4.0,0.0003304693382233,0.0006690562004223,0.0001805326755857,0.0004020639462396,True,0.478,0.466,0.056
185,105.823877,10.317911,47461.894,2004-08-24,10/21/2004,31.0,0.0001593585329828,0.0004316984268371,6.930752715561539e-05,0.0001187443558592,True,0.003,0.246,0.751
186,-92.899794,43.372592,15942.10924,2004-09-15,9/19/2004,38.0,0.0006949732778593,0.0013720374554395,5.609924846794456e-05,0.0002337880287086,True,0.033,0.65,0.317
187,89.400194,24.686228,161739.6512,2004-10-07,10/18/2004,31.0,0.0018827149178832,0.0026528856251388,0.0011738527100533,0.0023187953047454,True,0.003,0.246,0.751
188,1.223784,6.148203,110.2098684,2004-10-07,11/4/2004,,0.0007405590149573,0.0020777324680238,9.462071466259658e-05,0.000377933436539,True,,,
189,-97.481761,29.99695,107063.0362,2004-11-15,11/29/2004,49.0,0.0002702315687201,0.0005661157192662,3.77769288206764e-06,1.7140248019131832e-05,True,0.742,0.195,0.063
190,-57.505862,-26.543492,127493.4425,2004-11-07,12/15/2004,43.0,0.0006595933809876,0.0021158109884709,0.0001446808309992,0.0007549262954853,True,0.349,0.266,0.385
191,-72.364885,8.914445,7328.19287,2004-11-20,11/27/2004,33.0,0.0006750700413249,0.0010413778945803,0.0004328823997639,0.0007830275571905,True,0.037,0.259,0.704
192,121.242952,15.17884,39971.51425,2004-11-29,12/22/2004,58.0,0.0015688800485804,0.0026944486889988,0.000625571119599,0.0017254706472158,True,0.16,0.39,0.45
193,-60.665987,-27.1808,3232.166673,2004-12-06,12/10/2004,,0.0009603624348528,0.0022429751697927,0.000110505563498,0.0005423744441941,True,,,
194,-89.570347,33.962964,263934.2404,2004-12-07,12/20/2004,53.0,0.0005437793442979,0.0012108985101804,0.0001365817588521,0.0005181632004678,True,0.061,0.867,0.072
195,150.129614,-29.136849,80551.75704,2004-12-08,12/22/2004,86.0,0.0005733761354349,0.0013439967297017,2.911156479967758e-05,0.0001673241931712,True,0.105,0.478,0.417
196,51.70111,28.426123,436702.6179,2004-12-09,1/1/2005,40.0,0.0002145273901987,0.0007532118470408,1.587910628586542e-05,0.000185167271411,True,0.8,0.15,0.05
197,101.591644,6.271562,43430.01555,2004-12-10,12/18/2004,4.0,0.0007689428748562,0.0012502948520705,0.0001450790587114,0.0005937900277785,True,0.478,0.466,0.056
198,81.314727,7.938183,23455.77147,2004-12-11,12/23/2004,49.0,0.0001545934646856,0.0003631222643889,2.800729271257296e-05,0.0001359907037112,True,0.742,0.195,0.063
199,-85.352387,38.210619,285908.878,2005-01-05,2/1/2005,53.0,0.0005536724347621,0.0008389084832742,0.0001166678339359,0.0002195371926063,True,0.061,0.867,0.072
200,104.432036,-3.903543,78150.96899,2005-01-11,2/10/2005,42.0,0.0005257198936305,0.000909524213057,0.0001441172644263,0.0003354037180542,True,0.174,0.618,0.208
201,-58.038278,6.60784,2339.479485,2005-01-15,2/25/2005,,0.000705818994902,0.000898842990864,9.237097401637584e-05,0.0002797729102894,True,,,
202,17.166651,-10.734049,118198.3828,2005-01-27,3/28/2005,28.0,0.0003712388279382,0.0008633002871647,0.0001099405126296,0.0002847370051313,True,0.15,0.1,0.75
203,-72.964625,7.588343,43716.56745,2005-02-11,2/26/2005,40.0,0.0007116327760741,0.0012815814698114,0.0002406981220701,0.000606819987297,True,0.8,0.15,0.05
204,26.418711,41.428248,7609.482823,2005-02-17,3/24/2005,49.0,0.0005770569550804,0.0007350072264671,7.087716221576557e-05,0.0002214060514234,True,0.742,0.195,0.063
205,107.602907,-6.958962,892.0501369,2005-02-19,2/25/2005,,0.0007055744063109,0.001480784965679,0.0004337267309892,0.0007302010199055,True,,,
206,61.854599,30.738361,275339.7844,2005-03-05,4/5/2005,99.0,0.0001285191392526,0.0003162520879413,1.3415311514108907e-05,6.055066114640795e-05,True,0.963,0.016,0.021
207,48.283399,-17.759816,16367.38558,2005-03-02,3/15/2005,25.0,0.0006006018375046,0.0011425220873206,0.0002469957980792,0.0006390813505277,True,0.16,0.08,0.76
208,3.953441,24.211993,436815.4439,2005-03-06,3/9/2005,40.0,0.000162780037499,0.0003799523983616,7.966850148477533e-07,3.034491101061576e-06,True,0.8,0.15,0.05
209,46.294021,32.958879,260716.357,2005-03-13,3/25/2005,105.0,0.0004474743327591,0.0009613608708605,0.0001382655173074,0.0005330944550223,True,0.457,0.273,0.27
210,31.114588,-10.587124,122632.4296,2005-03-01,4/1/2005,25.0,0.0004265866882633,0.000846765062306,7.211464253487065e-05,0.0002610740775708,True,0.16,0.08,0.76
211,68.372412,29.518224,75648.02369,2005-03-20,3/24/2005,98.0,0.0003470478404778,0.0008313181460835,5.145945033291355e-05,0.0002242251939605,True,0.76,0.09,0.15
212,21.212857,45.6965,58909.96198,2005-04-18,6/4/2005,36.0,0.000444259494543,0.0008445709827356,8.67077978909947e-05,0.0002235836582258,True,0.51,0.217,0.273
213,43.286087,6.272302,336115.1908,2005-04-23,6/14/2005,74.0,0.0003204743843525,0.0007850109832361,7.729243407084141e-06,8.873148181010038e-05,True,0.068,0.708,0.224
214,41.55217,42.648654,1515482.222,2005-04-25,5/30/2005,20.0,0.0001219970727106,0.0003512697003316,2.8144631869508885e-05,0.0001019164483295,True,0.121,0.735,0.144
215,91.64239,24.598004,12730.18077,2005-05-25,5/28/2005,31.0,0.0013014813885092,0.0016146328998729,0.000891112955287,0.0013091280125081,True,0.003,0.246,0.751
216,129.266053,44.319638,2332.118731,2005-06-10,6/12/2005,37.0,9.48041706578806e-05,0.0003118205349892,4.826486019737786e-06,6.875038252474042e-06,True,0.016,0.7,0.284
217,120.344936,22.802656,3446.401107,2005-06-11,6/17/2005,31.0,0.000736681104172,0.0012883853632956,6.925128400325775e-05,0.0002344523818464,True,0.003,0.246,0.751
218,89.11453,25.961407,15321.95755,2005-06-23,6/30/2005,43.0,0.001761523541063,0.0030421421397477,0.0008183351601473,0.0022006065119057,True,0.349,0.266,0.385
219,73.07388,21.43303,73780.96843,2005-06-28,7/15/2005,8.0,0.001265418017283,0.0028488503303378,0.0002333507582079,0.0015166910598054,True,0.102,0.447,0.451
220,153.288976,-28.519498,7891.306167,2005-06-30,7/3/2005,58.0,0.0019978731870651,0.0029500345699489,0.0004338886355981,0.0014470330206677,True,0.16,0.39,0.45
221,103.519078,30.676575,69402.58211,2005-06-28,7/19/2005,40.0,0.0002015571226365,0.0005458213272504,8.560151036363095e-05,0.0002089007612084,True,0.8,0.15,0.05
222,126.498861,39.728164,2586.855961,2005-06-30,7/2/2005,40.0,0.0009749378659762,0.0023394608870148,0.0005633663386106,0.0017817491898313,True,0.8,0.15,0.05
223,80.199902,24.128785,55740.23151,2005-07-02,7/15/2005,49.0,0.0009476113482378,0.0015971750253811,0.0002550608478486,0.0007936785113997,True,0.742,0.195,0.063
224,125.500543,44.562689,275029.3101,2005-07-01,8/12/2005,38.0,0.0003315990616101,0.0007464476511813,4.205805453239009e-05,0.0002353441523155,True,0.033,0.65,0.317
225,73.563738,30.922991,433454.6346,2005-07-05,8/14/2005,98.0,0.0003732191107701,0.0011863706167787,6.884095637360588e-05,0.0005072643398307,True,0.76,0.09,0.15
226,87.012599,27.436259,823461.8752,2005-07-07,7/27/2005,8.0,0.0003986881638411,0.0009819007245823,0.0001482283405493,0.000529080571141,True,0.102,0.447,0.451
227,27.862878,45.764753,40036.82302,2005-07-12,7/28/2005,17.0,0.0005458460655063,0.0013181151589378,9.529029921395704e-05,0.0005701397312805,True,0.61,0.208,0.182
228,115.759987,32.605462,101854.3218,2005-07-10,7/18/2005,31.0,0.001460569910705,0.0024638508912175,0.0004425610532052,0.0014627915807068,True,0.003,0.246,0.751
229,79.965416,16.977232,619197.8215,2005-07-23,8/16/2005,49.0,0.0004742571909446,0.000842907174956,6.575320730917156e-05,0.0003085703938268,True,0.742,0.195,0.063
230,122.905219,10.409698,1058.184286,2005-07-27,7/30/2005,,0.0007303312886506,0.0005695380968973,0.0002486493322066,0.0002817182976286,True,,,
231,99.369102,19.068486,134287.401,2005-08-13,9/26/2005,4.0,0.0010904590599238,0.0019849687814712,0.0005923441494815,0.0014876136556267,True,0.478,0.466,0.056
232,123.069642,41.858282,85856.93614,2005-08-13,8/20/2005,33.0,0.0004498697235248,0.0012273843167349,0.0002021471300395,0.000620283477474,True,0.037,0.259,0.704
233,-98.657793,18.811618,242699.5099,2005-08-21,8/30/2005,84.0,0.00071481365012,0.0013010363327339,0.0001414080325048,0.000459076516563,True,0.75,0.21,0.04
234,83.211491,25.885963,12677.58902,2005-08-26,8/30/2005,8.0,0.0002884651476051,0.0006126598455011,5.833976319991052e-05,0.0001709696371108,True,0.102,0.447,0.451
235,147.09513,-41.553605,8209.306482,2005-08-30,9/3/2005,92.0,0.0006936784484423,0.0011237380094826,0.0001746819471009,0.0004879139305558,True,0.45,0.17,0.38
236,10.905259,10.665559,159497.3748,2005-08-07,9/16/2005,50.0,0.0004815401916857,0.0010334718972444,2.9434888347168453e-05,0.0001812988193705,True,0.91,0.03,0.06
237,4.186194,44.057063,9814.171678,2005-09-07,9/9/2005,22.0,0.0013859027530997,0.0021810228936374,0.0001622735144337,0.0006521553732454,True,0.34,0.3,0.36
238,105.734716,10.707097,154793.7675,2005-09-08,11/1/2005,31.0,0.0005631407257169,0.0011380617506802,0.0001683956652414,0.0006819072877988,True,0.003,0.246,0.751
239,82.538893,21.113878,374448.8473,2005-09-14,9/30/2005,50.0,0.0011011085007339,0.0018021073192358,0.0004011415003333,0.0011786717223003,True,0.91,0.03,0.06
240,120.982766,15.300986,12975.72775,2005-09-15,9/27/2005,,0.0018048742786049,0.001558298477903,0.00092879391741,0.001309280632995,True,,,
241,79.373434,28.197268,308728.7161,2005-09-16,10/5/2005,8.0,0.0006144632934592,0.0011928135063499,0.0001436141174053,0.0005265070940367,True,0.102,0.447,0.451
242,27.383339,44.584831,29372.69758,2005-09-21,10/9/2005,38.0,0.0009879568824544,0.001365169766359,8.742914360482246e-05,0.0004277695843484,True,0.033,0.65,0.317
243,73.473279,21.713895,53194.83438,2005-09-22,10/11/2005,8.0,0.0008592687081545,0.0014960842672735,0.0003926149511244,0.0010616504587233,True,0.102,0.447,0.451
244,80.547593,29.293795,8032.64816,2005-09-25,10/2/2005,7.0,0.0005887213628739,0.001089441939257,0.0002843349648173,0.0005805447581224,True,0.234,0.568,0.198
245,-11.983202,17.04635,147088.3388,2005-09-27,10/7/2005,40.0,0.0002735523739829,0.0011207703500986,1.4661671229987404e-05,0.0002178467111662,True,0.8,0.15,0.05
246,109.423486,32.868636,29516.96275,2005-09-29,10/6/2005,40.0,0.0002839857770595,0.0004081150982528,0.0001104168768506,0.0002012879267567,True,0.8,0.15,0.05
247,109.083621,34.507343,12375.9329,2005-10-03,10/6/2005,6.0,0.0008231516112573,0.0010804079938679,0.0002602372551336,0.0005763925728388,True,0.288,0.582,0.13
248,88.977022,25.640627,22573.98105,2005-10-03,10/22/2005,31.0,0.0011758756591007,0.0016048125689849,0.0003574098227545,0.0007509209681302,True,0.003,0.246,0.751
249,106.82035,17.12569,8374.026475,2005-10-07,10/11/2005,4.0,0.0012728136498481,0.0020571716595441,0.0002069644833682,0.0006472161621786,True,0.478,0.466,0.056
250,87.934687,21.940907,29111.38372,2005-10-21,10/28/2005,50.0,0.0020676557905972,0.0017839685315266,0.0004426403902471,0.0010293283266946,True,0.91,0.03,0.06
251,78.731712,11.780352,131307.9946,2005-10-23,12/9/2005,49.0,0.0005685756914317,0.0011024981504306,0.0001035146124195,0.0004188560997135,True,0.742,0.195,0.063
252,-75.310967,8.521163,115246.5207,2005-09-15,12/16/2005,53.0,0.000492422201205,0.0011499224929139,0.0002819959190674,0.0008900670218281,True,0.061,0.867,0.072
253,100.124152,7.204666,70520.88236,2005-11-23,1/12/2006,4.0,0.0007360810996033,0.0013715565437451,0.0001593058841535,0.0006357716047205,True,0.478,0.466,0.056
254,37.168911,-17.236452,224148.1621,2005-12-22,2/7/2006,50.0,0.0002661417529452,0.000860973552335,1.9429324311204255e-05,0.0001602800766704,True,0.91,0.03,0.06
255,-121.099329,39.493964,140515.0289,2005-12-31,1/18/2006,4.0,0.0010918364860117,0.0016545655671507,0.0004345986235421,0.0011325350496917,True,0.478,0.466,0.056
256,108.21491,-6.381345,912.7636477,2006-01-08,1/12/2006,,0.0007440155022777,0.0014065690338611,0.0003177609178237,0.0010406256187707,True,,,
257,-58.662739,6.891823,24216.56068,2006-01-08,2/14/2006,25.0,0.0002892344491556,0.0005197617574594,7.597507647005841e-05,0.0001494664466008,True,0.16,0.08,0.76
258,121.817032,17.01728,63468.41399,2006-01-26,2/5/2006,58.0,0.0018355781212449,0.0019659141544252,0.0005673642153851,0.0012546861544251,True,0.16,0.39,0.45
259,-63.425614,-16.033438,955843.2016,2006-01-25,4/17/2006,40.0,0.000254466838669,0.0007066086982376,0.000132946690428,0.000255199818639,True,0.8,0.15,0.05
260,108.592918,-6.8528,73074.39473,2006-01-26,2/14/2006,4.0,0.0009290092857554,0.0009990292601287,0.0002116690011462,0.0005233063129708,True,0.478,0.466,0.056
261,102.536205,4.326207,85479.98079,2006-02-10,2/18/2006,4.0,0.000452593259979,0.0008919718675315,4.073679883731529e-05,0.0001703579182503,True,0.478,0.466,0.056
262,-79.980717,-2.231688,61414.57669,2006-02-16,5/6/2006,58.0,0.0003825470921583,0.0007380394963547,0.0002587691124062,0.0006630668649449,True,0.16,0.39,0.45
263,25.565808,40.895857,19592.42935,2006-03-09,3/25/2006,49.0,0.000337367033353,0.000616297184024,3.783192005357705e-05,0.0001470397983212,True,0.742,0.195,0.063
264,-86.419681,38.254008,6790.156644,2006-03-12,3/22/2006,4.0,0.0007813224219717,0.0014700925676152,0.0001768739166436,0.0004394616116769,True,0.478,0.466,0.056
265,-75.597465,5.434769,157985.0915,2006-03-22,6/2/2006,25.0,0.0005215521669015,0.0011466650757938,0.0003161683853249,0.000886159716174,True,0.16,0.08,0.76
266,24.826774,-27.439685,2497.425667,2006-03-26,3/30/2006,,0.0001387157390126,0.0003998918982688,1.2305875998208649e-06,4.106765118194744e-06,True,,,
267,-96.893649,47.00354,15349.56795,2006-03-30,4/25/2006,,0.0001039068811223,0.0002913693315349,6.117074372014031e-05,0.0001670671190368,True,,,
268,-120.675334,37.691104,44107.11379,2006-04-04,4/17/2006,49.0,0.0008115060045383,0.0010837387526407,0.0002790365251712,0.0007836636505089,True,0.742,0.195,0.063
269,23.866873,44.497607,144631.4973,2006-04-07,5/24/2006,17.0,0.0001735418045427,0.0003632864390965,3.353937063366175e-05,5.637131471303291e-05,True,0.61,0.208,0.182
270,-96.953115,49.849262,9215.511475,2006-04-11,5/9/2006,61.0,0.0001034246815834,0.0003578072064556,2.466735531925224e-05,3.50781629094854e-05,True,0.9,0.05,0.05
271,100.149202,18.18105,78277.05133,2006-05-22,6/11/2006,4.0,0.0011253645643591,0.0014629112556576,0.0002655764110386,0.0006020819419063,True,0.478,0.466,0.056
272,-88.585836,36.962812,17035.90577,2006-05-25,5/28/2006,53.0,0.0001069516511051,0.0005577090778388,2.6703879484557547e-05,1.9667591914185323e-05,True,0.061,0.867,0.072
273,94.024532,26.599281,185348.837,2006-05-31,7/24/2006,4.0,0.0010033714352175,0.0014834705507382,0.0004399187746457,0.0009836792014539,True,0.478,0.466,0.056
274,120.107435,-5.166664,3091.851778,2006-06-19,6/23/2006,,0.0003882831369992,0.0006228548591025,6.585913070011884e-05,0.0001222928840434,True,,,
275,83.671273,25.615074,506577.3098,2006-06-24,8/3/2006,8.0,0.0001872054708655,0.000568306131754,3.619350172812119e-05,0.0001900552306324,True,0.102,0.447,0.451
276,115.489611,-3.285772,23710.13664,2006-06-25,6/29/2006,28.0,0.0010798689909279,0.0020422239322215,0.000410529813962,0.0014954659854993,True,0.15,0.1,0.75
277,105.730409,28.470782,109599.7625,2006-06-28,7/8/2006,4.0,0.0003166286332998,0.0008035046048462,4.863250796915963e-05,0.0001187845045933,True,0.478,0.466,0.056
278,71.309729,22.411409,170055.8851,2006-07-04,7/7/2006,86.0,0.0005815043696202,0.0016644939314574,4.2962648876709864e-05,0.0003115150611847,True,0.105,0.478,0.417
279,69.948565,33.056169,6984.074283,2006-07-09,7/13/2006,,7.181440014392138e-05,0.0004359000013209,8.183129466488026e-06,2.5694698706502095e-05,True,,,
280,128.901206,47.733436,1391.754681,2006-07-11,7/13/2006,,0.0004887062241323,0.0006695193005725,5.168274583411403e-05,0.0001517552882432,True,,,
281,106.524637,50.791203,22757.90082,2006-07-12,7/14/2006,40.0,0.0002504025760572,0.0004761114832945,1.5290992450900376e-05,6.105552893131971e-05,True,0.8,0.15,0.05
282,106.588178,39.035519,1726.326928,2006-07-14,7/17/2006,,0.000278871244518,0.00084852904547,5.152821358933579e-06,2.7682181098498404e-05,True,,,
283,73.199799,34.609786,182706.8618,2006-07-24,8/22/2006,8.0,0.0003394832310732,0.0009567868546582,9.9462216894608e-05,0.0005014967755414,True,0.102,0.447,0.451
284,73.824174,20.194292,681019.5605,2006-07-28,9/12/2006,86.0,0.0005998944398015,0.0012155547738075,0.0001448218245059,0.0007192874909378,True,0.105,0.478,0.417
285,81.52884,18.104598,302774.2702,2006-08-01,9/10/2006,59.0,0.0007210146868601,0.0017051736358553,0.0001744238688843,0.000670785899274,True,0.21,0.15,0.64
286,-1.02134,14.421787,2109010.653,2006-08-03,10/11/2006,73.0,6.458449934143573e-05,0.0004117951029911,1.6724667375456193e-06,3.89745800930541e-05,True,0.779,0.151,0.07
287,106.149356,17.764156,124537.1263,2006-08-12,9/2/2006,4.0,0.0004754711990244,0.0009017627453431,0.0001845891383709,0.0005124031449668,True,0.478,0.466,0.056
288,104.674574,11.061775,143296.1282,2006-08-10,11/1/2006,31.0,0.0004425423976499,0.0008139976998791,0.0001359938178211,0.0003850998764391,True,0.003,0.246,0.751
289,100.017133,18.76445,213081.2754,2006-08-20,12/13/2006,4.0,0.0006251664017327,0.0008896557264961,0.0003220149956177,0.0006195963360369,True,0.478,0.466,0.056
290,34.275807,1.384461,4902.337377,2006-08-12,8/21/2006,26.0,0.0003884951293002,0.0007511444273404,0.0002379733050474,0.0005573054077103,True,0.627,0.032,0.341
291,81.305997,28.694093,14865.98249,2006-08-26,9/13/2006,7.0,0.0011281300103291,0.0019956724718213,0.0006451865192502,0.0016885711811482,True,0.234,0.568,0.198
292,45.444397,3.104364,37381.72532,2006-08-24,10/10/2006,86.0,2.8940301490365528e-05,5.0135950004914775e-05,4.437826106595821e-08,1.681710557477345e-07,True,0.105,0.478,0.417
293,81.51737,27.585296,32712.75496,2006-08-29,9/4/2006,8.0,0.0006744730053469,0.0013705713208764,0.0002999266434926,0.0009569919202476,True,0.102,0.447,0.451
294,102.681828,34.69552,16922.13623,2006-08-30,8/31/2006,40.0,0.0002655099669937,0.000525856623426,5.528011388378218e-05,0.0001416287268511,True,0.8,0.15,0.05
295,73.884164,32.886368,141449.1295,2006-08-31,9/11/2006,8.0,0.0001407537347404,0.0004690834612119,4.753339817398228e-05,0.0001736406702548,True,0.102,0.447,0.451
296,89.272707,23.229479,28078.50934,2006-08-24,9/20/2006,29.0,0.0003182601940352,0.000502229318954,0.0001570686436025,0.000126610888401,True,0.168,0.456,0.376
297,-107.038656,24.466242,44308.65137,2006-09-16,9/18/2006,49.0,0.0009041482699103,0.0021558962762355,0.0001753121032379,0.0006304284324869,True,0.742,0.195,0.063
298,66.125268,32.74227,21502.28019,2006-11-19,11/21/2006,41.0,9.225293615600094e-05,0.0002146332408301,3.719815140357241e-06,9.134826541412622e-06,True,0.396,0.431,0.173
299,106.735524,10.329669,45657.96362,2006-11-30,12/8/2006,31.0,1.3691666936210822e-05,5.927364691160619e-05,1.897563925012946e-05,1.697089828667231e-05,True,0.003,0.246,0.751
300,81.662316,6.844545,6833.390761,2006-12-17,12/20/2006,49.0,0.0010850364342331,0.0016926921671256,0.0002035166835412,0.0006625554524362,True,0.742,0.195,0.063
301,-75.990348,-9.184872,134599.0497,2006-12-26,2/2/2007,4.0,0.0005448951851576,0.0010169035522267,0.0002819182409439,0.0006233645835891,True,0.478,0.466,0.056
302,125.216707,7.711826,44621.6317,2007-01-10,1/24/2007,4.0,0.0007170283934101,0.0009612878784537,0.0002319720806553,0.0005461712135002,True,0.478,0.466,0.056
303,80.946642,6.706132,10964.12492,2007-01-12,1/16/2007,49.0,0.0005348228150978,0.0007917863549664,9.191781282424928e-05,0.0002619292063172,True,0.742,0.195,0.063
304,-61.960201,-16.973776,801034.9806,2007-01-10,5/1/2007,5.0,0.0003206518304068,0.0007119525689631,7.96563908807002e-05,0.000237089159782,True,0.76,0.13,0.11
305,69.668198,35.270227,40765.63146,2007-04-17,4/18/2007,40.0,4.87580182380043e-05,0.0002570144133642,0.0001009825864457,0.0003033075481653,True,0.8,0.15,0.05
306,70.73155,37.006303,27490.2452,2007-04-23,5/4/2007,40.0,5.588364729192108e-05,0.0001889755949378,0.0001404864888172,0.0003346231533214,True,0.8,0.15,0.05
307,114.779037,-0.860079,40326.98864,2007-05-01,5/25/2007,4.0,0.0005344735691323,0.001049251994118,0.000345384090906,0.000643326784484,True,0.478,0.466,0.056
308,80.082226,6.494672,3336.901961,2007-05-02,5/7/2007,,0.0002697852905839,0.0008342188666574,5.809295907965861e-05,0.0003224263200536,True,,,
309,96.131258,16.908898,15666.6977,2007-05-04,5/9/2007,31.0,0.0014824217651039,0.0016114785103127,6.0535003285622224e-05,0.0002825794799719,True,0.003,0.246,0.751
310,-95.238199,40.434191,642775.9055,2007-05-06,5/18/2007,39.0,0.0003786509623751,0.0011190385557711,5.370131111703813e-05,0.0003315218782518,True,0.039,0.764,0.197
311,-55.802561,-32.765868,104127.8504,2007-05-04,5/25/2007,39.0,0.0005234732525423,0.0015134050045162,0.0001321633899351,0.0005535826785489,True,0.039,0.764,0.197
312,100.338679,17.211479,38377.29154,2007-05-11,5/21/2007,4.0,0.0004728395724669,0.0011426834389567,9.20235033845529e-05,0.0004894493031315,True,0.478,0.466,0.056
313,39.762126,-3.59393,13866.05353,2007-05-15,6/14/2007,,0.0010601351968944,0.0015155944274738,2.0282674086047336e-05,0.0001485079119447,True,,,
314,105.414298,26.870875,3206.709682,2007-05-20,5/21/2007,,1.014562076306902e-05,5.838179276906885e-05,1.3145514458301475e-05,6.614599897147855e-06,True,,,
315,-75.426149,7.378356,29773.22093,2007-05-19,6/27/2007,43.0,0.000744309509173,0.0011878901859745,0.0003984697978012,0.0007905817474238,True,0.349,0.266,0.385
316,116.91957,-0.1883,34345.88697,2007-05-15,6/5/2007,4.0,0.0004867234383709,0.0008083819993771,0.0003262536192778,0.0004803328774869,True,0.478,0.466,0.056
317,-98.664531,30.24335,341278.411,2007-05-24,5/29/2007,47.0,0.0003033341781701,0.001057312823832,2.492671956133563e-05,0.0002809608995448,True,0.335,0.385,0.28
318,107.778235,30.282138,43534.36303,2007-05-24,5/26/2007,4.0,0.0007129811565391,0.0014539340045303,0.0001767157809808,0.000600722443778,True,0.478,0.466,0.056
319,24.501635,42.523179,34006.0475,2007-05-22,6/6/2007,49.0,0.0007134705083444,0.0008813012973405,0.0001047498517436,0.0002088696637656,True,0.742,0.195,0.063
320,-71.053795,19.547861,13536.46867,2007-05-30,6/3/2007,7.0,0.0005729402182623,0.0012080672895535,0.0001891920255729,0.0006399386911652,True,0.234,0.568,0.198
321,112.355385,26.292801,1916283.709,2007-06-06,8/17/2007,4.0,0.0003003304300364,0.000776293571107,7.09180167177692e-05,0.0002874623460229,True,0.478,0.466,0.056
322,151.375371,-32.865398,11377.0733,2007-06-08,6/13/2007,8.0,0.0019540130160748,0.0023541490081697,0.0003648353740572,0.0010510167339816,True,0.102,0.447,0.451
323,91.953546,22.397464,77805.47623,2007-06-11,6/24/2007,31.0,0.0017027979483827,0.0020108679309487,0.0007757883286103,0.0017414682079106,True,0.003,0.246,0.751
324,18.578084,-33.327288,9088.144581,2007-06-07,6/16/2007,70.0,0.0006065898342058,0.0008342250948771,5.250044705462642e-05,0.000139865966048,True,0.98,0.02,0.0
325,-0.759207,52.523207,23106.13087,2007-06-15,6/21/2007,31.0,0.0005088789039291,0.0007921622018329,3.253962495364249e-05,9.340640099253504e-05,True,0.003,0.246,0.751
326,85.862693,26.948499,2704.511477,2007-06-15,6/18/2007,,0.0014042896218597,0.0024136549327522,0.0003387828764971,0.0012496423441916,True,,,
327,72.225824,34.97581,12117.22988,2007-06-16,6/20/2007,8.0,0.0001421908964402,0.0003447375202085,3.3061478461604565e-05,4.863427602685988e-05,True,0.102,0.447,0.451
328,123.095573,0.617594,1190.201328,2007-06-16,6/20/2007,,0.000637792458292,0.0013908260734751,0.0002767348487395,0.0008044163114391,True,,,
329,94.018895,26.255772,74887.52295,2007-06-18,6/26/2007,4.0,0.0014615376712754,0.0021778086666017,0.0011638707946985,0.0019080508500337,True,0.478,0.466,0.056
330,78.161545,14.944966,450564.3553,2007-06-22,7/4/2007,49.0,0.0013565853005275,0.0022620914969593,0.0002000774547923,0.0009347122977487,True,0.742,0.195,0.063
331,71.140741,35.278159,62335.9131,2007-06-24,7/3/2007,40.0,3.514282434480265e-05,0.0002239579480374,1.355697986582527e-05,9.192908328259364e-05,True,0.8,0.15,0.05
332,-0.913693,53.881359,27719.49521,2007-06-25,7/3/2007,31.0,0.0005599166033789,0.000899126403965,4.909975177724846e-05,0.0001480953796999,True,0.003,0.246,0.751
333,-97.165715,32.836626,507778.2079,2007-06-26,7/23/2007,49.0,0.0002721813216339,0.0007382010808214,2.0719544409075752e-05,0.0001791907998267,True,0.742,0.195,0.063
334,146.856476,-37.936133,40946.26557,2007-06-27,7/4/2007,49.0,0.0006945870700292,0.0011283932253718,9.902314923238008e-05,0.0003737931838259,True,0.742,0.195,0.063
335,52.20192,33.753477,10410.85836,2007-06-27,6/29/2007,40.0,3.880207077600062e-05,0.0001893101725727,1.995030970647349e-06,1.0946977454295848e-05,True,0.8,0.15,0.05
336,71.869938,34.27492,29411.27255,2007-06-28,7/22/2007,8.0,0.000660246994812,0.00144198408816,0.0001454745506634,0.0006039653089828,True,0.102,0.447,0.451
337,81.860109,20.053869,248438.8548,2007-06-30,7/13/2007,50.0,0.0015433899825438,0.0028106672689318,0.0004969327710568,0.001603799406439,True,0.91,0.03,0.06
338,77.523744,21.026348,106578.4413,2007-07-01,7/6/2007,86.0,0.0009065179619938,0.0019301214488223,0.0002461484109517,0.0010935000609606,True,0.105,0.478,0.417
339,72.24951,22.023056,398939.174,2007-07-01,7/13/2007,86.0,0.0006139228935353,0.0017584490124136,0.0001382802583975,0.0008794729365035,True,0.105,0.478,0.417
340,88.487108,22.63148,517303.1998,2007-07-03,9/22/2007,8.0,0.0004007307870779,0.0009031676454469,9.351919288747013e-05,0.0004094724426977,True,0.102,0.447,0.451
341,33.771445,12.907167,1590906.977,2007-07-03,10/8/2007,86.0,0.000178890681127,0.0005994227831251,2.2152871679281816e-05,0.0001430855772923,True,0.105,0.478,0.417
342,95.317389,18.52419,119073.572,2007-07-06,8/1/2007,31.0,0.0016426384681835,0.001583048608154,0.0009043170139193,0.0016539741773158,True,0.003,0.246,0.751
343,173.92898,-35.805428,13659.31278,2007-07-10,7/13/2007,4.0,0.0011523402063176,0.0019172977190464,0.0001300905278185,0.0006190224667079,True,0.478,0.466,0.056
344,95.262997,27.577302,103551.728,2007-07-12,10/10/2007,4.0,0.0007066685939207,0.0013772639213129,0.0005426625721156,0.0011465307325124,True,0.478,0.466,0.056
345,88.211962,43.090135,812726.2096,2007-07-14,8/3/2007,98.0,4.799696762347594e-05,0.0002376995980739,1.0248458238493184e-05,7.461962377419695e-05,True,0.76,0.09,0.15
346,100.163684,24.098428,165133.8494,2007-07-18,8/13/2007,1.0,0.0005418009823188,0.001138397725299,0.0003101537295151,0.0009583882638253,True,0.886,0.07,0.044
347,91.233643,23.916419,150899.9551,2007-07-21,10/15/2007,31.0,0.0018236776813864,0.0024094164837151,0.0011311841662973,0.0020393170416355,True,0.003,0.246,0.751
348,-2.101931,52.071957,24651.23015,2007-07-21,7/30/2007,53.0,0.0007094651809893,0.0013983866665512,0.0001416908489773,0.0004992355243302,True,0.061,0.867,0.072
349,120.198324,-3.279537,2399.09713,2007-07-25,8/2/2007,,0.0008014838094823,0.0010405246866866,0.0002825246774591,0.0005438546068035,True,,,
350,84.080127,27.777213,56920.80672,2007-07-23,10/2/2007,43.0,0.0009242472588084,0.0016143097309395,0.000521975569427,0.001237956341356,True,0.349,0.266,0.385
351,19.575347,-34.09063,20096.50092,2007-07-27,8/2/2007,70.0,0.0005313855945132,0.0009063327452167,3.5552686313167214e-05,0.0001513849128969,True,0.98,0.02,0.0
352,-4.386466,11.453236,2435.090072,2007-07-28,8/1/2007,51.0,0.0002437250514049,0.0005813438328914,4.418608114065137e-06,2.62661724264035e-05,True,0.153,0.701,0.146
353,34.499977,8.331411,714220.1853,2007-07-29,10/5/2007,59.0,0.000265065144049,0.0008257599547505,9.126486111199485e-05,0.0004230081976857,True,0.21,0.15,0.64
354,108.198166,12.342909,98228.20212,2007-08-03,8/17/2007,4.0,0.0003891632950399,0.0007657136884517,0.0001114017359213,0.0003396276733838,True,0.478,0.466,0.056
355,86.19782,20.452499,15363.99477,2007-08-03,8/27/2007,43.0,0.0002797247143462,0.0008009228040464,2.9661434382433072e-05,0.0001856847957242,True,0.349,0.266,0.385
356,11.74837,10.292106,630120.8532,2007-08-04,10/21/2007,50.0,0.0004386770306155,0.0011637054849416,0.0001031092106131,0.0004343180335126,True,0.91,0.03,0.06
357,-11.322438,16.546328,9447.717983,2007-08-07,9/5/2007,71.0,8.303953654831275e-05,0.0003289299493189,4.88344142013375e-07,2.09789118343906e-06,True,0.91,0.025,0.065
358,70.925042,22.682373,133805.6977,2007-08-08,8/15/2007,86.0,0.0019197819055989,0.0031461438629776,0.0006303834961727,0.0021475539542734,True,0.105,0.478,0.417
359,118.71867,36.36925,100076.7949,2007-08-09,8/12/2007,40.0,0.0004582643741741,0.0013752976665273,6.23151208856143e-05,0.0003921646857634,True,0.8,0.15,0.05
360,68.825675,26.019152,190121.7131,2007-08-10,8/13/2007,98.0,0.0007947270059958,0.0021390160545706,0.000144167774124,0.0011451366590335,True,0.76,0.09,0.15
361,76.526785,31.238835,191449.9464,2007-08-12,8/17/2007,8.0,0.0003821988357231,0.0013128292048349,0.0001747921924106,0.0009465647744946,True,0.102,0.447,0.451
362,74.338164,35.951294,16541.18433,2007-08-12,8/14/2007,40.0,0.0001070373618858,0.0003690070880111,4.550743688014336e-05,0.0001051612998708,True,0.8,0.15,0.05
363,0.612005,13.037658,1695464.521,2007-07-26,10/10/2007,73.0,0.0002858396037481,0.0011264940258115,6.284957635216415e-05,0.0006100641330704,True,0.779,0.151,0.07
364,15.109633,9.644602,23497.34565,2007-08-09,8/15/2007,40.0,0.0002586651535239,0.0006095535936765,2.000407585001085e-05,0.0001659577101236,True,0.8,0.15,0.05
365,105.882012,13.279945,61577.28897,2007-08-10,8/24/2007,1.0,0.0005693169659934,0.0011539099505171,0.0004009828844573,0.0006875675171613,True,0.886,0.07,0.044
366,95.17279,16.962415,257818.9266,2007-08-14,10/4/2007,4.0,0.0005405351985245,0.000873165554367,0.0002926042652688,0.0005857106880284,True,0.478,0.466,0.056
367,34.275893,0.88127,107797.1382,2007-08-15,10/31/2007,25.0,0.0003852412046398,0.0013242127606645,0.0001593370980117,0.0010191299952566,True,0.16,0.08,0.76
368,-94.637911,36.862195,1216616.201,2007-08-16,8/27/2007,39.0,7.662187272217125e-05,0.0005234209820628,4.674855972552905e-06,7.662930147489533e-05,True,0.039,0.764,0.197
369,19.049369,11.543839,454774.5914,2007-08-25,10/1/2007,87.0,0.0002476177760399,0.0007290186476893,2.4973182007670403e-05,0.0001486031105741,True,0.231,0.407,0.362
370,-13.967824,15.474457,167997.6284,2007-08-31,9/20/2007,71.0,0.0006029666983522,0.0020940070971846,0.0001432129356544,0.0012029474601149,True,0.91,0.025,0.065
371,45.426922,2.978113,13305.25304,2007-09-01,10/4/2007,86.0,5.3746538469567895e-05,0.0001279030839214,1.1085727891213537e-07,4.16949063719585e-07,True,0.105,0.478,0.417
372,102.480218,16.81984,299972.4554,2007-09-05,11/10/2007,2.0,0.000498823414091,0.0008840899681672,0.0002259175671497,0.000519570603501,True,0.651,0.292,0.057
373,79.877978,15.706741,90279.7088,2007-09-16,10/7/2007,49.0,0.0007214476936496,0.0011924415593966,0.0001066285403794,0.0004145919519942,True,0.742,0.195,0.063
374,14.032553,46.25748,8410.450033,2007-09-18,9/20/2007,7.0,0.0004921241779811,0.0013566799461841,0.0001015445232042,0.0004037310136482,True,0.234,0.568,0.198
375,86.403285,20.909634,72007.73593,2007-09-22,10/8/2007,50.0,0.0014114311197772,0.0016740626888349,0.0002803171810228,0.0006662515224888,True,0.91,0.03,0.06
376,5.788494,34.945481,78593.54157,2007-09-21,9/24/2007,99.0,0.0001185229120892,0.0006586769013665,2.179805960622616e-06,1.5402403732878156e-05,True,0.963,0.016,0.021
377,-52.671442,-30.251602,127363.0852,2007-09-24,10/2/2007,4.0,0.00119165237993,0.0017330145929008,0.0004163070989307,0.0008299404289573,True,0.478,0.466,0.056
378,-85.437919,10.984041,82170.13739,2007-10-12,10/26/2007,0.0,0.0006453779060393,0.0013151636812835,0.0001835997245507,0.0007943739765323,True,,,
379,93.970474,24.721405,10886.10871,2007-10-17,10/24/2007,,0.0007342207245528,0.0010754403192549,0.0004906447138637,0.0008737706812098,True,,,
380,105.514427,11.010928,46469.23758,2007-10-20,11/16/2007,31.0,0.0003467514761723,0.0008415776537731,0.0001853236317401,0.000302612374071,True,0.003,0.246,0.751
381,-74.906313,7.893549,297814.6018,2007-10-01,12/10/2007,43.0,0.0006158709875307,0.0014963767025619,0.0003631755535025,0.0010507033439353,True,0.349,0.266,0.385
382,15.381497,-4.367631,1949.711396,2007-10-25,10/31/2007,,0.0002071807830361,0.0003977199376095,7.904375706857536e-06,5.323297045833897e-06,True,,,
383,123.381184,13.357486,4597.662786,2007-10-27,11/2/2007,53.0,0.0008517590467818,0.0013355719856917,0.0001337769645033,0.0005211618845351,True,0.061,0.867,0.072
384,79.700186,12.725021,76740.36307,2007-10-27,11/1/2007,49.0,0.0005196228157728,0.0010049270931631,4.54508735856507e-05,0.0003299965756013,True,0.742,0.195,0.063
385,107.359696,16.320817,35110.03305,2007-10-28,11/9/2007,4.0,0.0001222407736349,0.0003214339958503,0.0001213618743349,0.0001887931866804,True,0.478,0.466,0.056
386,-92.412998,17.669263,35809.25473,2007-10-28,12/1/2007,31.0,0.0001390441466355,0.0005771751748397,5.592660090769641e-05,0.0001761398016242,True,0.003,0.246,0.751
387,3.241937,34.823387,102132.1617,2007-10-30,11/2/2007,99.0,0.0002243628114229,0.0005920302937738,6.824224328738637e-06,4.5005781430518255e-05,True,0.963,0.016,0.021
388,40.249179,-2.153931,6077.690978,2007-11-21,12/16/2007,71.0,0.0002546895411796,0.0007628176826983,1.1083760000474284e-05,0.0001058976995409,True,0.91,0.025,0.065
389,145.666659,-26.920707,285390.7258,2007-12-01,12/17/2007,100.0,0.0001185811706818,0.0006089731468819,7.466369424946606e-06,0.0001596688962308,True,0.732,0.216,0.052
390,34.356451,-19.063406,354570.2536,2007-12-11,1/3/2008,50.0,0.0003879363357555,0.0009161608759313,4.000620901933871e-05,0.0002422177640255,True,0.91,0.03,0.06
391,81.39874,7.721921,7953.54747,2007-12-16,1/1/2008,49.0,0.0006482757162302,0.0007998085347935,6.651436706306413e-05,0.0002704646904021,True,0.742,0.195,0.063
392,-65.301452,-17.662221,972453.7925,2007-12-15,12/28/2007,40.0,0.0002919760299846,0.0008299298933707,7.899983029346913e-05,0.0002688610984478,True,0.8,0.15,0.05
393,148.213152,-30.29325,200535.1384,2007-12-22,12/31/2007,86.0,0.0005477328086271,0.0014732399722561,3.6731071304529905e-05,0.0003142271307297,True,0.105,0.478,0.417
394,111.332593,-7.54216,50689.87488,2007-12-25,1/3/2008,55.0,0.0011252777185291,0.0017684864578768,0.0002511792117729,0.0006829179474152,True,0.742,0.195,0.063
395,106.827557,-6.224835,2178.645251,2008-01-02,1/6/2008,,0.0004891940043307,0.0008735926821827,0.0001023859149427,0.0003072920953854,True,,,
396,152.869795,-28.442729,41557.41168,2008-01-03,1/9/2008,58.0,0.0005950244958512,0.0009810221381485,5.2874685934511945e-05,0.0002908984315581,True,0.16,0.39,0.45
397,81.75742,6.905842,1917.825654,2008-01-07,1/16/2008,,0.0007568112341687,0.0006551760598085,3.7500263715628535e-05,0.0001085279727703,True,,,
398,-47.877655,-24.495664,23022.69388,2008-01-12,1/26/2008,4.0,0.0003674443869385,0.001312690321356,5.7778292102739215e-05,0.0002662471379153,True,0.478,0.466,0.056
399,144.558883,-20.398572,649465.5035,2008-01-14,2/1/2008,86.0,0.0005530542694032,0.0013678733957931,9.352366760140284e-05,0.0005845709238201,True,0.105,0.478,0.417
400,-1.647855,52.91582,55862.28675,2008-01-15,1/26/2008,31.0,0.0004339073784649,0.0006771742482669,8.251194230979308e-05,0.0001441696222173,True,0.003,0.246,0.751
401,-79.65779,-1.247285,75830.04622,2008-01-30,5/1/2008,58.0,0.0005907710292376,0.0008134212112054,0.0002865044225472,0.0005601877928711,True,0.16,0.39,0.45
402,-73.012376,-10.111158,709143.7381,2008-02-04,5/7/2008,40.0,0.0003530755930114,0.0008375291363336,0.0002488875470589,0.0006137547898106,True,0.8,0.15,0.05
403,-86.837365,40.85066,118976.9489,2008-02-06,2/12/2008,53.0,0.0007379902526736,0.001133736805059,0.0001232249487657,0.0003570923290681,True,0.061,0.867,0.072
404,149.539448,-22.464671,44348.7133,2008-02-13,2/26/2008,92.0,0.0015389705076813,0.0018776496872305,0.0002470721083227,0.0008279677131213,True,0.45,0.17,0.38
405,107.286313,-6.260593,10434.85887,2008-02-14,3/14/2008,4.0,0.0006297099753282,0.0008043058915063,0.0001623495336389,0.0002831646997947,True,0.478,0.466,0.056
406,23.793937,-14.955531,438919.742,2008-02-09,5/1/2008,71.0,0.0003674008476082,0.0008010527817532,0.0001374270068481,0.0002810405567288,True,0.91,0.025,0.065
407,125.935234,8.535518,41665.93146,2008-02-12,3/12/2008,0.0,0.0013478994369506,0.0020502340048551,0.0003147363313473,0.0009461786248721,True,,,
408,-7.113617,32.110967,23601.104,2008-02-26,2/28/2008,95.0,7.778780855005607e-05,0.0002890396572183,4.429507953318534e-06,1.6711201169528067e-05,True,0.489,0.321,0.19
409,112.368479,-7.126871,16854.47713,2008-03-01,4/3/2008,87.0,0.0004772432730533,0.0011597258271649,0.000252882076893,0.0006214151508174,True,0.231,0.407,0.362
410,-89.152166,36.22662,928709.9196,2008-03-17,5/2/2008,53.0,0.000123679783428,0.0005310458946041,2.751619285845663e-05,0.0001144448397099,True,0.061,0.867,0.072
411,37.67228,2.826905,21278.67192,2008-03-20,4/2/2008,74.0,6.640388164669275e-05,0.0002928431495092,1.8363014078204287e-06,2.0452533135539852e-05,True,0.068,0.708,0.224
412,-42.68427,-5.359342,1126557.792,2008-03-30,4/22/2008,72.0,0.0006859925342723,0.0010960361687466,0.0002385622938163,0.000609959999565,True,0.87,0.04,0.09
413,36.457048,-8.546018,15130.83448,2008-04-11,5/16/2008,6.0,0.0002860153035726,0.0004964284598827,8.411139424424618e-05,0.000170913466718,True,0.288,0.582,0.13
414,152.547733,-31.891221,998.5812291,2008-04-24,4/27/2008,,0.0020511569455266,0.0010704464511945,0.0004009176627732,0.000489336438477,True,,,
415,-67.344537,46.35384,25489.81607,2008-04-25,5/7/2008,68.0,0.0001439371262677,0.0003219080972485,0.0001570130116306,0.000172788859345,True,0.934,0.057,0.009
416,113.026318,30.865786,43958.61613,2008-05-02,5/5/2008,31.0,4.892619836027734e-05,0.0003623921365942,5.193716788198799e-06,6.254497293411987e-06,True,0.003,0.246,0.751
417,-74.070085,6.634685,35530.6321,2008-05-27,5/28/2008,43.0,0.0007039026822894,0.0010466052917763,0.0004228808684274,0.0006518884911201,True,0.349,0.266,0.385
418,93.754969,26.399977,62279.30327,2008-05-24,5/28/2008,4.0,0.0003913943655788,0.0008381425286643,0.0002303649089299,0.0004933354211971,True,0.478,0.466,0.056
419,29.870449,-30.912895,47128.08279,2008-06-19,6/22/2008,53.0,0.0004636219236999,0.0008444545674137,8.779372365097515e-06,5.6334039982175454e-05,True,0.061,0.867,0.072
420,90.120056,25.241123,426531.5373,2008-07-05,7/14/2008,4.0,0.0009550172835588,0.0014812274603173,0.0005594298709183,0.0012014826061204,True,0.478,0.466,0.056
421,6.15,35.5,76327.64482,2008-07-06,7/11/2008,12.0,6.718306394759566e-06,6.137979653431103e-05,6.209720027072763e-07,2.2557917418453144e-06,True,0.372,0.252,0.376
422,-98.14869,21.359684,193742.1535,2008-07-15,7/16/2008,84.0,0.0001102290989365,0.0004025124071631,5.014382259105332e-05,0.0001503155363025,True,0.75,0.21,0.04
423,89.78715,27.49945,283806.1505,2008-07-20,8/8/2008,4.0,0.0007903946680016,0.0012889024801552,0.0005503310239873,0.0010297616245225,True,0.478,0.466,0.056
424,-151.020483,64.276859,163705.5457,2008-07-30,8/11/2008,30.0,0.0003970780526287,0.0006691720918752,5.166120172361843e-05,0.0001222362625412,True,0.3,0.47,0.23
425,15.454963,9.288888,178993.9094,2008-08-02,8/8/2008,87.0,0.0003099217428825,0.0008059592801146,5.0476806791266426e-05,0.0001978161890292,True,0.231,0.407,0.362
426,81.380061,16.652289,75487.92518,2008-08-05,8/11/2008,49.0,0.0010791973909363,0.0016585731646046,0.0001081513983081,0.0004330389492679,True,0.742,0.195,0.063
427,72.634688,30.738475,165918.2053,2008-08-09,8/20/2008,98.0,0.0002125230239471,0.0005816892953589,2.4207849492086098e-05,0.0002222318871645,True,0.76,0.09,0.15
428,84.923215,26.950613,163725.6514,2008-08-18,9/24/2008,8.0,0.0007208991446532,0.0013581933453679,0.000572124205064,0.0009875452378764,True,0.102,0.447,0.451
429,33.314626,7.584802,69636.60334,2008-08-20,8/28/2008,86.0,0.0002770177088677,0.0007280884892679,3.379885674803518e-05,0.0001628309983061,True,0.105,0.478,0.417
430,18.350292,9.233101,61817.4364,2008-07-20,8/25/2008,51.0,0.0002344009408261,0.0006829460617154,1.6245039660134353e-05,0.0001125988273997,True,0.153,0.701,0.146
431,90.210026,25.028785,59248.82211,2008-08-30,9/8/2008,31.0,0.001141442451626,0.0012790111359208,0.0007309084758162,0.0010118323843926,True,0.003,0.246,0.751
432,94.55033,27.044183,80590.4453,2008-08-30,9/8/2008,4.0,0.0012719709193333,0.0015543875051662,0.0011662928154692,0.0013927514664828,True,0.478,0.466,0.056
433,84.406372,20.95224,464317.9956,2008-09-22,9/29/2008,50.0,0.000381174206268,0.0007942328811623,0.0001451122807338,0.0003057745634578,True,0.91,0.03,0.06
434,78.938377,30.521816,168134.5144,2008-09-22,9/29/2008,7.0,0.0006665806286036,0.0019617553334683,0.0003130185650661,0.0014373853337019,True,0.234,0.568,0.198
435,103.176582,17.821344,165834.2932,2008-09-11,10/4/2008,4.0,0.0003979738103225,0.0008949098410084,0.0001644476287765,0.0003072745166718,True,0.478,0.466,0.056
436,41.9,4.0,45128.32556,2008-10-14,10/16/2008,74.0,0.0002305366360815,0.0005854973569512,7.668090802326333e-06,8.487607556162402e-05,True,0.068,0.708,0.224
437,43.05953,0.82945,25490.95668,2008-11-16,11/20/2008,80.0,3.7639012589352205e-05,0.0002332901785848,3.325957607103192e-07,7.941409421619028e-06,True,0.585,0.331,0.084
438,20.903477,-33.011852,76453.89464,2008-11-12,11/17/2008,70.0,0.0003387492906767,0.000679959426634,9.006995242089033e-06,3.682962051243521e-05,True,0.98,0.02,0.0
439,-74.231814,8.998918,195388.1737,2008-12-13,12/14/2008,53.0,0.0001843586360337,0.0006198631599545,0.0001377975713694,0.0004113560426048,True,0.061,0.867,0.072
440,-58.576642,7.080294,39997.97213,2008-12-13,1/12/2009,62.0,0.0004175613867118,0.0008451598114334,5.098243855172768e-05,0.0002105986932292,True,0.9,0.05,0.05
441,103.139065,-3.329274,126659.2951,2008-12-26,12/28/2008,4.0,0.0006709545850753,0.0010180190438404,0.0001288686908083,0.0002040647668763,True,0.478,0.466,0.056
442,34.027698,-22.923757,125967.3084,2008-12-26,1/12/2009,71.0,0.0007632956258021,0.0012378969695419,3.1946365197654814e-05,0.0002144952159142,True,0.91,0.025,0.065
443,125.039978,8.447826,36190.06893,2008-12-28,1/19/2009,0.0,0.0002968769695144,0.0005497693200595,8.566686301492155e-05,0.0002138731942977,True,,,
444,-44.891115,-16.596371,1186390.653,2009-01-08,1/16/2009,25.0,0.0004019257321488,0.0008704236824996,0.0001412983983755,0.0004434351576492,True,0.16,0.08,0.76
445,124.958334,7.121116,17181.28142,2009-01-20,1/27/2009,4.0,0.0006379981059581,0.0014909129822626,0.0004210368206258,0.0010028777178376,True,0.478,0.466,0.056
446,46.519178,-17.688355,207786.6504,2009-01-26,1/27/2009,71.0,0.0002309273695573,0.0007309799548238,6.188986299093813e-05,0.000262025714619,True,0.91,0.025,0.065
447,122.968272,9.897,8472.925466,2009-02-02,2/12/2009,,0.0003947807417716,0.0005793552845716,0.0001207016903208,0.0003723260306287,True,,,
448,-6.1614,32.655173,188226.8504,2009-02-07,2/9/2009,22.0,0.0004037485923618,0.0007027080282568,3.9489033952122554e-05,0.0001831354893511,True,0.34,0.3,0.36
449,-70.083294,19.28092,15152.49078,2009-02-01,2/12/2009,6.0,4.386004729894921e-05,0.0001341182942269,6.236706212803256e-06,1.0225446203548929e-05,True,0.288,0.582,0.13
450,-64.291696,-24.148411,225551.0261,2009-02-07,2/12/2009,100.0,0.0002032843476627,0.000589010247495,2.7890711862710305e-05,0.0001443895453121,True,0.732,0.216,0.052
451,-76.514393,4.36564,72654.15848,2009-02-12,2/16/2009,25.0,0.000754618726205,0.0015302966348826,0.0005238535813987,0.0012816681992262,True,0.16,0.08,0.76
452,14.147469,-9.840357,61811.58905,2009-02-15,2/17/2009,8.0,0.0001720655709505,0.0006400909041985,1.1223020919715054e-05,8.535983943147585e-05,True,0.102,0.447,0.451
453,-62.617998,-18.759929,167873.5927,2009-02-01,2/16/2009,40.0,8.848455763654783e-05,0.0003606835089158,2.5968016416300088e-05,0.0001044066229951,True,0.8,0.15,0.05
454,16.678415,-17.076028,187933.2715,2009-03-04,3/9/2009,71.0,0.0001994001067942,0.0005877019721083,2.085116102534812e-05,0.0001029359918902,True,0.91,0.025,0.065
455,-97.030805,48.249115,39742.01893,2009-03-17,3/19/2009,33.0,5.672462975780945e-06,4.038271072204225e-05,5.055423389421776e-05,0.0001573519984958,True,0.037,0.259,0.704
456,100.730585,-1.20654,44401.17466,2009-03-24,4/20/2009,3.0,0.0001305755868088,0.0004358206933829,7.459396147169173e-05,0.0001815837313188,True,0.181,0.265,0.554
457,24.230467,-18.75993,1148027.264,2009-03-27,3/27/2009,71.0,3.249816700190422e-07,5.309859261615202e-06,2.321030115126632e-05,5.268569293548353e-05,True,0.91,0.025,0.065
458,-95.515298,29.670077,6812.65307,2009-04-17,4/27/2009,87.0,0.0005635486450046,0.00162761262618,4.434008587850258e-05,0.0002602740132715,True,0.231,0.407,0.362
459,-142.302224,65.435109,484756.5354,2009-04-22,5/14/2009,30.0,1.3979186405777e-05,7.602993719046935e-05,9.222385415341703e-06,3.976554944529198e-05,True,0.3,0.47,0.23
460,89.086148,22.163962,27819.10592,2009-04-20,5/15/2009,31.0,9.4581537268823e-06,3.8484020478790626e-05,3.2203249702433823e-06,2.5029473817994585e-06,True,0.003,0.246,0.751
461,-88.641921,13.417883,127036.561,2009-06-19,6/22/2009,7.0,0.0003908016660716,0.0008770819986239,5.418802538770251e-05,0.0002568102499935,True,0.234,0.568,0.198
462,23.311965,-16.698427,571677.3179,2009-06-21,6/28/2009,71.0,2.3250420611020675e-07,5.269464963930659e-06,8.52099674375495e-06,7.472154265997233e-06,True,0.91,0.025,0.065
463,89.086147,25.256217,49031.88578,2009-07-03,7/6/2009,31.0,0.0015184032963588,0.001828656764701,0.000938105280511,0.0015612081624567,True,0.003,0.246,0.751
464,93.821488,27.481004,128962.301,2009-07-03,7/6/2009,4.0,0.0013450637925416,0.0017357525648549,0.0010820708703249,0.0015910810325294,True,0.478,0.466,0.056
465,125.366552,7.651799,36975.16308,2009-07-25,8/4/2009,4.0,0.0004739046562463,0.0010938793420791,0.0001980011875275,0.0005427257274277,True,0.478,0.466,0.056
466,94.142952,26.817651,72244.80197,2009-08-18,8/27/2009,43.0,0.0010502657387405,0.0015074716648086,0.0009996348526328,0.0014532805653288,True,0.349,0.266,0.385
467,-16.8108,14.576204,8510.685177,2009-08-24,8/26/2009,50.0,0.0004179006791673,0.0010480037890374,3.1975683668861166e-05,0.0002496901724953,True,0.91,0.03,0.06
468,2.936762,16.454005,4814280.64,2009-08-10,9/2/2009,40.0,0.0001017368485918,0.0005972487851977,1.6000873074517585e-05,0.0002211741666542,True,0.8,0.15,0.05
469,28.950479,41.089986,3687.103582,2009-09-07,9/10/2009,,6.232043961063027e-05,0.0001777957222657,5.304103751768707e-07,9.779812444321578e-07,True,,,
470,-95.31119,18.525716,33560.99082,2009-09-10,9/19/2009,13.0,0.0004153391637373,0.0008822329109534,0.0001527401909697,0.0003987561212852,True,0.269,0.26,0.471
471,-84.840386,34.364587,225395.0113,2009-09-21,9/28/2009,4.0,0.0005325981182977,0.0008418834186159,5.3191437473287806e-05,0.00017447884602,True,0.478,0.466,0.056
472,78.232999,15.708107,309688.8763,2009-09-25,10/12/2009,49.0,0.0001475012686569,0.0005986127653159,3.397080217837356e-05,0.0002098203112836,True,0.742,0.195,0.063
473,80.763928,29.81192,129718.4231,2009-10-04,10/12/2009,7.0,0.0002477302623447,0.0006556911976076,7.844244100851938e-05,0.0002272610436193,True,0.234,0.568,0.198
474,6.509699,5.543563,53018.48747,2009-10-20,10/26/2009,44.0,0.0004163609119132,0.0011277553858235,0.000272898498224,0.0004256617103237,True,0.025,0.445,0.53
475,-56.273697,-25.09294,163340.7666,2009-10-26,10/28/2009,4.0,0.0004546106792986,0.0015007011825218,0.0001153889970737,0.0003772107302211,True,0.478,0.466,0.056
476,-59.049562,-32.991891,415044.9056,2009-11-14,11/22/2009,39.0,0.0003801995771937,0.0015973630361258,9.176354069495574e-05,0.0007119358051568,True,0.039,0.764,0.197
477,-56.47781,-31.256979,43485.40642,2009-11-21,12/8/2009,87.0,0.0009062166209332,0.0021207109093666,0.0003206647234037,0.0011595260584726,True,0.231,0.407,0.362
478,149.05823,-30.950818,301378.8458,2010-01-01,1/13/2010,52.0,0.0001848156098276,0.000537457759492,1.1781739885918796e-05,9.043228783411904e-05,True,0.602,0.118,0.28
479,20.082834,41.466448,60173.47485,2010-01-04,1/13/2010,6.0,0.0002120769786415,0.0003906124038621,5.5248019634746015e-05,0.0001416608283761,True,0.288,0.582,0.13
480,-99.003563,19.943334,122621.4005,2010-01-26,2/13/2010,84.0,1.4843763892713469e-05,5.8297020586906e-05,1.5677365809096955e-05,3.565520091797225e-05,True,0.75,0.21,0.04
481,27.338848,41.160287,87346.16332,2010-02-13,2/20/2010,87.0,0.0002572071971371,0.0006091170362196,5.348461854737252e-05,0.0002286708331666,True,0.231,0.407,0.362
482,147.95605,-26.215529,431681.6308,2010-02-28,3/17/2010,100.0,0.000361374404747,0.0009567398810759,1.2906607480545064e-05,0.000110550186946,True,0.732,0.216,0.052
483,27.736857,-16.091808,85511.57617,2010-03-01,3/17/2010,49.0,0.0003194964374415,0.0008153423550538,9.469831275055184e-05,0.0002844731207005,True,0.742,0.195,0.063
484,-86.379527,32.893941,48982.92781,2010-03-10,3/17/2010,4.0,0.0004622388223651,0.0009592422866262,0.0001166177680715,0.0002102853613905,True,0.478,0.466,0.056
485,-78.119123,41.364394,1015176.362,2010-03-10,3/24/2010,7.0,6.623927765758708e-05,0.0002512912033125,2.422641591692809e-05,3.259782897657715e-05,True,0.234,0.568,0.198
486,-74.872978,39.486607,240301.509,2010-03-27,3/31/2010,67.0,0.0001477959594922,0.000474647647934,2.409989247098565e-05,4.522543167695403e-05,True,0.591,0.365,0.044
487,89.509928,22.152795,7062.714318,2010-03-27,4/7/2010,31.0,7.103359962457034e-07,3.1849504011915997e-06,3.908266990038101e-06,2.124143975379411e-06,True,0.003,0.246,0.751
488,21.715692,43.466699,13989.56558,2010-04-20,4/22/2010,87.0,0.0004164170823059,0.000504033116158,7.377220754278824e-05,8.063110726652667e-05,True,0.231,0.407,0.362
489,91.862265,26.316584,13472.46459,2010-04-18,4/21/2010,4.0,0.0011855169432237,0.0016807928914204,0.0003480529994703,0.0007313638343475,True,0.478,0.466,0.056
490,-75.383247,20.262252,10657.92438,2010-04-17,4/21/2010,23.0,0.0001102581591112,0.0002344224631087,4.989902208762942e-06,1.6228856111411005e-05,True,0.13,0.14,0.73
491,23.231189,-18.694176,64627.57603,2010-04-16,4/21/2010,71.0,9.783473160496214e-07,6.706241947540548e-06,1.9869512470904738e-06,7.376847406703746e-06,True,0.91,0.025,0.065
492,113.972187,-2.681959,103901.8364,2010-04-16,5/2/2010,3.0,0.0004052500007674,0.0010902155190706,0.0002689789107535,0.0006634892197325,True,0.181,0.265,0.554
493,44.310369,14.034428,38889.72785,2010-05-05,5/6/2010,98.0,5.0319293222855777e-05,0.0002494687214493,3.9187452784972265e-06,2.2844047634862363e-05,True,0.76,0.09,0.15
494,62.2514,34.383924,65810.90629,2010-05-04,5/14/2010,99.0,7.994686166057363e-05,0.0002763985248748,6.563780061696889e-06,3.2965923310257494e-05,True,0.963,0.016,0.021
495,19.644003,49.773614,121758.7973,2010-05-15,5/24/2010,7.0,0.0003190342104062,0.0005560877616517,3.0121951567707583e-05,7.918614574009553e-05,True,0.234,0.568,0.198
496,93.122627,26.638053,23813.35164,2010-05-15,6/26/2010,43.0,0.0010252480860799,0.0012589180842041,0.0008923821151256,0.0013322595041245,True,0.349,0.266,0.385
497,115.482581,26.444151,234212.7213,2010-05-15,6/28/2010,4.0,0.0006818248075433,0.0013533409219235,0.0003105529758613,0.0007160147069953,True,0.478,0.466,0.056
498,79.484382,15.21825,63171.41173,2010-05-18,5/24/2010,49.0,0.0003468366921879,0.0018674609018489,2.1544595085742912e-07,7.078184012243582e-07,True,0.742,0.195,0.063
499,169.917994,-45.156686,25183.14188,2010-05-25,5/31/2010,7.0,0.0007338424911722,0.0008666123030707,0.000168204147485,0.0002180480078095,True,0.234,0.568,0.198
500,-97.789125,49.875668,25787.98903,2010-05-29,5/31/2010,16.0,0.0004760568263009,0.0011358319316059,5.3265805036062375e-05,0.0002728339168243,True,0.509,0.289,0.202
501,125.300141,6.778414,22339.98404,2010-05-29,6/1/2010,4.0,0.0003657886991277,0.0009364992147311,0.0001210968403029,0.0004632203199435,True,0.478,0.466,0.056
502,19.797084,49.671561,174970.0966,2010-05-29,6/11/2010,67.0,0.0001413975114701,0.0004280739522073,3.9022459532134235e-05,8.59197971294634e-05,True,0.591,0.365,0.044
503,-94.094783,34.577827,12234.55865,2010-06-11,6/11/2010,4.0,0.0008068230818025,0.0024766460992395,0.0001411883276887,0.0009184632217511,True,0.478,0.466,0.056
504,6.591342,43.497315,7699.776976,2010-06-16,6/17/2010,7.0,0.0008999942219816,0.0017171916551887,0.0001239130215253,0.0004538923385553,True,0.234,0.568,0.198
505,94.010494,22.280362,94869.50605,2010-06-15,6/26/2010,11.0,0.0017024568514898,0.0018776899669319,0.0007394850836135,0.0015200146008282,True,0.75,0.09,0.16
506,-0.981038,7.93162,150908.1076,2010-06-22,6/26/2010,50.0,0.0001565701677463,0.0005358067573979,1.3421460607787594e-05,0.0001039418639265,True,0.91,0.03,0.06
507,17.704984,43.987173,28641.59743,2010-06-22,6/26/2010,6.0,0.0009959985036402,0.0011745567899197,0.0001957512868102,0.0003211524453945,True,0.288,0.582,0.13
508,72.079166,36.026988,9325.990827,2010-06-22,6/24/2010,40.0,1.235140734934248e-05,9.15870550670661e-05,0.0002660665486473,0.0005829563597217,True,0.8,0.15,0.05
509,-37.781582,-6.35589,320129.4887,2010-06-22,6/30/2010,49.0,3.7363188312156126e-05,0.0002019296516664,4.828482360608177e-07,1.683480036263063e-06,True,0.742,0.195,0.063
510,121.605799,24.949065,1399.49106,2010-06-25,6/27/2010,,0.0004299990832805,0.0012021891307085,0.0002792626619338,0.0009202041546814,True,,,
511,-70.392824,19.254472,15731.60115,2010-06-25,6/27/2010,6.0,0.0005838965880684,0.0010173526825383,0.0001409979158779,0.0004943086532875,True,0.288,0.582,0.13
512,-103.835803,51.865714,86589.82126,2010-07-02,7/6/2010,16.0,0.000145714613609,0.0007538755307905,2.470138861099258e-05,0.0001627868041396,True,0.509,0.289,0.202
513,74.778484,30.18952,147437.2291,2010-07-05,7/15/2010,98.0,0.0003058201109524,0.000913547235541,2.232118094980251e-05,0.000127171864733,True,0.76,0.09,0.15
514,97.128233,39.486607,396656.6745,2010-07-06,7/13/2010,40.0,6.508381193270907e-05,0.0002815584011841,1.5208568584057502e-05,8.620279550086707e-05,True,0.8,0.15,0.05
515,113.171066,28.005572,575176.1594,2010-07-01,7/15/2010,4.0,0.0002044796565314,0.0007269321358762,0.0001818512973841,0.0004324854817241,True,0.478,0.466,0.056
516,90.035505,23.994863,24987.25503,2010-07-01,7/13/2010,31.0,0.000742778123822,0.0016499627381563,0.000380013952963,0.00114372279495,True,0.003,0.246,0.751
517,115.885692,29.138367,235548.2128,2010-07-07,7/23/2010,4.0,0.0003766955342143,0.0011047924635931,0.0001427709503332,0.0004329142102506,True,0.478,0.466,0.056
518,-91.002557,41.058233,214908.2935,2010-07-25,7/25/2010,39.0,0.0003677692147903,0.0013011825503781,8.859788795234635e-05,0.0004907247493974,True,0.039,0.764,0.197
519,111.073863,31.577449,1049485.117,2010-07-23,8/3/2010,4.0,0.0003420047578401,0.0009062705794349,0.0001154128985945,0.0004089753201697,True,0.478,0.466,0.056
520,73.257885,33.363388,129691.6295,2010-07-27,11/15/2010,8.0,0.0006019697175361,0.0015198503388091,0.0001980618253583,0.0007566001731902,True,0.102,0.447,0.451
521,13.995334,51.467705,45883.93516,2010-07-27,8/8/2010,7.0,3.2952539186226204e-05,0.000195916625671,7.431035101035377e-06,2.5682971681817435e-05,True,0.234,0.568,0.198
522,92.250001,26.234999,12555.80581,2010-09-05,9/17/2010,,0.0004717593837995,0.0009229253628291,0.000432967179222,0.0006070326198823,True,,,
523,14.625001,11.384999,38021.98663,2010-08-15,9/17/2010,43.0,3.0951436201576144e-05,0.0001750821247696,9.539847951600675e-07,1.2989851711608937e-05,True,0.349,0.266,0.385
524,89.640001,25.424999,7364.903107,2010-09-09,9/30/2010,,0.0004344395420048,0.0008177323034033,0.0002368166169617,0.0002584200701676,True,,,
525,82.845001,26.729999,38537.95585,2010-09-18,9/30/2010,8.0,0.0008522555581294,0.001272733672522,0.0004390939138829,0.0008497285889461,True,0.102,0.447,0.451
526,-90.179999,44.009999,3873.194603,2010-09-22,9/30/2010,,8.547791367163882e-05,0.0002168621722375,1.6058374967542477e-05,4.2409333218529355e-06,True,,,
527,100.350001,14.444999,14080.23252,2010-09-20,9/30/2010,44.0,0.0002047400630544,0.0005740014603361,2.6267041903338395e-05,0.0001725040929159,True,0.025,0.445,0.53
528,132.810984,-1.223516,31988.87747,2010-10-02,10/6/2010,24.0,0.000247971212957,0.0006924120825715,0.0001445525558665,0.0003083735064137,True,0.095,0.29,0.615
529,91.035001,24.209999,29265.76179,2010-10-01,10/12/2010,31.0,8.891771722119302e-05,0.0003132128622382,0.0001739115832606,0.0001173245254904,True,0.003,0.246,0.751
530,144.270001,-30.555001,21254.70329,2010-10-15,10/19/2010,100.0,0.0006008184282109,0.0010258221300318,5.358363068808103e-06,2.6358922696090303e-05,True,0.732,0.216,0.052
531,102.195001,15.029999,3873.760932,2010-10-10,11/15/2010,,0.0001945950352819,0.0006229060236364,2.0517685697996058e-05,0.0001404720242135,True,,,
532,15.210001,11.204999,8249.260109,2010-10-01,11/5/2010,,5.471573967952281e-05,0.0002629033988341,8.84011399193696e-07,7.893065230746288e-06,True,,,
533,-0.809999,8.279999,4567.708597,2010-11-05,11/11/2010,,1.367992808809504e-05,9.883661550702529e-05,1.436617640138138e-05,2.259701614093501e-05,True,,,
534,-72.960369,4.113507,1140146.223,2010-11-15,12/20/2010,28.0,0.0005255319993011,0.0010051443241536,0.0002230410173069,0.0007220188272185,True,0.15,0.1,0.75
535,147.387935,-29.83844,832001.3564,2010-11-27,12/20/2010,100.0,0.0002086088061332,0.0006475336267612,8.125780368573032e-06,6.938751903362572e-05,True,0.732,0.216,0.052
536,-66.938458,9.776458,180760.5297,2010-11-25,12/20/2010,4.0,0.0001875227026175,0.0005135249230079,3.815241507254541e-05,0.0001325143821304,True,0.478,0.466,0.056
537,21.469658,40.106682,27315.31194,2010-12-03,12/17/2010,74.0,0.0003699805529322,0.0007246480090543,0.000187844823813,0.0004011184209957,True,0.068,0.708,0.224
538,125.5658,8.132642,10773.78731,2011-01-01,1/18/2011,4.0,0.0006455751135945,0.0013810830423608,0.0004336628771852,0.0011567161418497,True,0.478,0.466,0.056
539,-64.041828,-21.090969,85174.87392,2011-01-30,1/31/2011,40.0,0.0001584573910804,0.0005501292180269,2.7233674700255502e-05,0.0001236431708093,True,0.8,0.15,0.05
540,80.534153,8.513158,19891.4933,2011-02-01,2/14/2011,49.0,0.00059534056345,0.0009336996008642,0.0001838095922721,0.0003556051815394,True,0.742,0.195,0.063
541,124.865345,7.095271,44521.72481,2011-02-01,2/4/2011,58.0,0.0008259720052592,0.00131999514997,0.0002729001280386,0.0008092275820672,True,0.16,0.39,0.45
542,28.078344,-29.502452,19634.42572,2011-02-01,2/16/2011,89.0,0.00030850013718,0.000815880310256,5.29864446434658e-05,0.0002747714170254,True,0.21,0.591,0.199
543,-65.599682,-16.465923,122139.8357,2011-02-14,2/26/2011,5.0,0.000695061404258,0.0015064073959365,0.0004516184562817,0.0011456804350018,True,0.76,0.13,0.11
544,146.657688,-19.789652,457221.4061,2011-03-07,3/28/2011,2.0,0.0005912002525292,0.0010921107605099,7.766231283312663e-05,0.0003859501157421,True,0.651,0.292,0.057
545,147.327051,-41.421667,4650.101341,2011-03-22,3/28/2011,92.0,0.0006959852180443,0.001001164666377,8.305916708195582e-05,0.0003347860183566,True,0.45,0.17,0.38
546,99.277049,8.666488,33575.42711,2011-03-23,4/10/2011,4.0,0.0007142722024582,0.0012377387611195,7.933218876132742e-05,0.0002966129686683,True,0.478,0.466,0.056
547,-97.21921,48.678802,46208.31987,2010-04-01,5/24/2011,16.0,7.889243715908378e-05,0.0002696823212318,5.4739266488468274e-06,2.464910903654527e-05,True,0.509,0.289,0.202
548,53.673384,51.447982,213195.154,2011-04-01,4/19/2011,45.0,2.781297007459216e-05,8.500035619363189e-05,3.647892981462064e-06,3.5544042475521564e-05,True,0.528,0.289,0.183
549,-40.119065,-9.679788,288020.184,2011-05-08,5/11/2011,49.0,2.4256863980554044e-05,6.793741340516135e-05,1.727904646031675e-06,5.8489963521424215e-06,True,0.742,0.195,0.063
550,-73.014084,45.626388,5274.093784,2011-05-04,6/9/2011,,0.0006236947374418,0.0008615512633696,0.0001572772016515,0.0001547426072647,True,,,
551,-99.473227,43.537631,23537.97611,2011-06-04,7/29/2011,45.0,9.341071745438969e-06,6.18345002294518e-05,1.0833965689016622e-06,2.1348455447878223e-06,True,0.528,0.289,0.183
552,125.208244,8.306337,71700.82554,2011-06-05,6/21/2011,0.0,0.0003628006961662,0.0008784916135482,0.000166147321579,0.0004673217772506,True,,,
553,89.046349,22.564135,19191.5923,2011-07-21,7/29/2011,31.0,0.0015147873200476,0.0014587038895115,0.0007826167275197,0.0011599445715546,True,0.003,0.246,0.751
554,-52.640299,-30.342984,129795.3547,2011-07-23,7/29/2011,4.0,0.0002039450773736,0.000775221385993,0.0002832591417245,0.0008895794744603,True,0.478,0.466,0.056
555,102.822185,17.0382,96785.77237,2011-08-05,1/9/2012,4.0,0.000269433541689,0.0005596049013547,0.0002330298011656,0.0003879540017805,True,0.478,0.466,0.056
556,105.501152,12.004283,13466.62488,2011-08-10,11/15/2011,2.0,0.000255918566836,0.0006658301572315,2.906152258219663e-05,0.0002174983819713,True,0.651,0.292,0.057
557,86.242215,26.375467,40941.50814,2011-08-15,10/2/2011,8.0,0.0009095067507587,0.0012350137112662,0.0003792693605646,0.0005979381967335,True,0.102,0.447,0.451
558,92.181547,26.589671,50117.37505,2011-08-15,9/8/2011,43.0,0.0010319335851818,0.0012746716383844,0.0007267326000146,0.0009383190772496,True,0.349,0.266,0.385
559,69.066891,25.012345,32667.16426,2011-08-12,11/1/2011,98.0,0.0021314211189746,0.003723005298525,0.0004260141577105,0.0022554176393896,True,0.76,0.09,0.15
560,33.667825,1.660439,37846.34665,2011-08-20,9/8/2011,25.0,0.0001956191990757,0.0006021178560331,8.414109470322728e-05,0.0002778898342512,True,0.16,0.08,0.76
561,73.953105,22.30208,33056.09211,2011-08-25,9/13/2011,8.0,0.0008305189548991,0.0013605771819129,0.0003532411064952,0.0008700893376953,True,0.102,0.447,0.451
562,86.002162,20.651119,27751.686,2011-09-05,10/2/2011,40.0,0.0015915940748527,0.0018752584001049,0.0010421992046758,0.0015337268123403,True,0.8,0.15,0.05
563,27.971908,39.104531,32113.07717,2011-10-08,10/10/2011,53.0,5.7580586144467816e-05,0.0003022760793101,1.8408290998195296e-06,7.038466264930321e-06,True,0.061,0.867,0.072
564,-100.833256,18.280192,311970.5277,2011-10-10,11/1/2011,84.0,0.000312569522066,0.0007065669051371,5.271318514132872e-05,0.0001772322575561,True,0.75,0.21,0.04
565,-0.945865,5.584658,9829.517622,2011-10-26,10/29/2011,4.0,0.0005449336604215,0.0011444926494732,0.0001245563180418,0.0003811517963185,True,0.478,0.466,0.056
566,40.167169,2.180851,41010.10795,2011-11-09,11/15/2011,98.0,0.0003317144582979,0.0008836521883495,3.116490915999748e-05,0.000291875883704,True,0.76,0.09,0.15
567,34.383649,2.570315,22324.62878,2011-11-09,12/20/2011,27.0,0.0003219745412934,0.0008245192002505,5.807267734780907e-05,0.0003329133614897,True,0.28,0.16,0.56
568,-73.939857,4.640889,57194.29883,2011-11-09,12/22/2011,49.0,0.0004017315222881,0.0007219114340841,0.0001872721913969,0.0003079153248108,True,0.742,0.195,0.063
569,100.378,1.698541,11294.19453,2011-11-27,11/30/2011,61.0,0.0006079569575376,0.000870615884196,0.0003323092823848,0.0005288482061587,True,0.9,0.05,0.05
570,149.372327,-29.458424,45037.95271,2011-11-27,12/22/2011,86.0,0.0006475668633356,0.0013813745463266,0.0001251463836524,0.0004613024066202,True,0.105,0.478,0.417
571,30.06063,-29.208414,15384.57223,2011-11-27,12/2/2011,53.0,0.00013684509031,0.0003761199186556,1.3381472854234744e-05,5.532849536393769e-05,True,0.061,0.867,0.072
572,36.116761,0.385821,9789.330741,2011-11-29,12/22/2011,76.0,0.0005422885878942,0.0012688550632447,0.0001962773530976,0.000618441554252,True,0.74,0.16,0.1
573,39.037723,-6.917042,5900.638172,2011-12-20,12/22/2011,,0.0003368424077052,0.0008789298008196,9.4188580987975e-06,0.0001010364503599,True,,,
574,110.236252,-7.379525,2457.469245,2011-12-18,1/4/2012,,0.0006447543855756,0.0012598714092746,0.0002959521370939,0.0006433909293264,True,,,
575,99.423816,8.772281,11666.13898,2012-01-01,1/9/2012,4.0,0.0005185700138099,0.00110769062303,0.0001151428950834,0.0002932896604761,True,0.478,0.466,0.056
576,-43.489292,-19.463714,416574.7119,2012-01-01,1/9/2012,25.0,0.0003263080143369,0.0007909453706815,9.890709770843388e-05,0.0003305338032077,True,0.16,0.08,0.76
577,178.075692,-17.784045,4927.679444,2012-01-22,2/6/2012,,0.0012489210348576,0.0021248268894851,0.0002998153504449,0.0009737804066389,True,,,
578,146.646094,-21.717611,761154.1145,2012-01-22,3/7/2012,86.0,0.0001664130832068,0.0005304645746946,3.6687636111309985e-06,6.910048250574619e-05,True,0.105,0.478,0.417
579,112.50974,-7.482774,7754.356055,2012-01-27,1/29/2012,43.0,0.0001488361158408,0.0002890400355681,0.000141629774589,0.0001427878742106,True,0.349,0.266,0.385
580,24.257634,42.55503,47136.83865,2012-02-01,2/6/2012,49.0,4.2041806409542914e-06,1.8513026589062065e-05,2.063612100755563e-06,1.5839269735806738e-06,True,0.742,0.195,0.063
581,21.005618,39.867742,9250.996919,2012-02-03,2/6/2012,,0.000478584493976,0.0005209035007283,2.000140921154525e-05,3.781387204071507e-05,True,,,
582,106.658074,-6.318737,12053.81563,2012-02-12,2/14/2012,4.0,0.0003377456159796,0.0006711239111609,0.000124873680761,0.0002701934427022,True,0.478,0.466,0.056
583,125.264627,8.223924,39825.28289,2012-02-20,2/27/2012,4.0,0.0004575675411615,0.0009891496738418,0.0002376828051637,0.0005654143169522,True,0.478,0.466,0.056
584,12.807442,9.859668,50438.08646,2012-02-20,2/27/2012,40.0,2.439231820972055e-07,8.499992873112205e-06,1.3419861488728202e-06,2.797342858684715e-06,True,0.8,0.15,0.05
585,103.415798,-2.585677,194382.9534,2012-02-20,2/27/2012,4.0,0.0004305276961531,0.0008246367797255,0.0001350247621303,0.0003731565666384,True,0.478,0.466,0.056
586,8.698624,35.116281,41623.96204,2012-02-25,2/27/2012,12.0,6.0813428717665374e-05,0.0002093833172693,6.303901955106994e-06,3.35229306074325e-05,True,0.372,0.252,0.376
587,34.461539,31.458294,594.2513947,2012-03-04,3/7/2012,74.0,0.0002313603908987,0.0002874630736187,1.4296560038928874e-05,5.927397796767764e-05,True,0.068,0.708,0.224
588,-79.495063,-0.5987,39793.05691,2012-03-01,3/26/2012,58.0,0.0006000028224661,0.0011149592464789,0.0004737413837574,0.0007474897429347,True,0.16,0.39,0.45
589,123.278367,13.628836,5045.753493,2012-03-26,3/30/2012,53.0,0.0006131293484941,0.000736246118322,7.402340997941792e-05,0.0002353807212784,True,0.061,0.867,0.072
590,-72.582111,19.443322,35151.92733,2012-04-08,4/26/2012,6.0,0.0002197101712226,0.0006936671561561,2.9509083105949685e-05,0.0001553705660626,True,0.288,0.582,0.13
591,36.214118,-2.441234,117773.2181,2012-04-09,4/26/2012,6.0,0.0002141139266313,0.0006810460472479,2.4678553018020463e-05,0.0001888265978777,True,0.288,0.582,0.13
592,-59.272208,-23.646697,120344.814,2012-04-05,4/26/2012,47.0,8.846449054544792e-05,0.0003410768695175,8.883930604497436e-07,3.1797051178727997e-06,True,0.335,0.385,0.28
593,-62.022799,-3.649082,127883.4194,2012-05-01,5/7/2012,28.0,0.0002316593308933,0.0005867706495337,0.0001797462027752,0.0002146676997654,True,0.15,0.1,0.75
594,157.950235,68.00087,22717.12071,2012-05-20,5/29/2012,42.0,4.1025655264093075e-06,2.37083004321903e-05,6.315811447166197e-07,3.786086153922952e-06,True,0.174,0.618,0.208
595,-95.808654,29.578033,24530.66949,2012-07-13,7/16/2012,49.0,0.0008604047470726,0.0012772588524967,7.221109262900427e-05,0.0002591668453533,True,0.742,0.195,0.063
596,82.321565,19.439848,35689.54023,2012-08-03,8/6/2012,50.0,0.0016841023461893,0.0022299229167401,0.0009916489943861,0.0018633067375048,True,0.91,0.03,0.06
597,-2.593343,55.574626,4260.87917,2012-08-04,8/6/2012,10.0,9.428017074242234e-05,0.0003315473732072,5.174723992240615e-05,4.384397834655829e-05,True,0.48,0.25,0.27
598,103.729817,31.160222,107983.9702,2012-08-14,8/20/2012,40.0,0.0002264848735649,0.0006500331801362,8.776027971180156e-05,0.0002122359583154,True,0.8,0.15,0.05
599,82.796221,20.985523,29689.97677,2012-08-16,8/20/2012,50.0,0.0004000539192929,0.0007631575572304,0.0002316151803825,0.0004162303230259,True,0.91,0.03,0.06
600,135.556159,34.616699,10669.96735,2012-08-12,8/20/2012,43.0,0.0001758826692821,0.0005479237879626,4.981121310265735e-05,7.564311090391129e-05,True,0.349,0.266,0.385
601,-15.494274,14.462036,79242.6954,2012-08-24,8/29/2012,73.0,0.0001952063175849,0.0004808771773241,6.426844720408553e-06,5.42574780411087e-05,True,0.779,0.151,0.07
602,73.522165,35.030504,98264.36344,2012-08-23,8/29/2012,8.0,0.000176895831828,0.000593064178247,5.468372910399921e-05,0.000186058008694,True,0.102,0.447,0.451
603,106.115278,37.391616,45130.62691,2012-08-25,8/29/2012,95.0,4.3582254875218496e-05,0.0002670587273314,1.1640408956736792e-06,9.850070455286186e-06,True,0.489,0.321,0.19
604,12.10885,9.301664,96830.55308,2012-08-25,9/26/2012,50.0,0.0003241041849832,0.0007430580444633,0.0001211399867315,0.0002572050725575,True,0.91,0.03,0.06
605,32.726004,2.656467,57981.45109,2012-08-20,9/7/2012,25.0,0.0002207098004873,0.0005524327279999,6.195801688591018e-05,0.0001246701431227,True,0.16,0.08,0.76
606,35.829521,1.366374,18459.6553,2012-08-15,9/7/2012,40.0,0.0003726258873939,0.0009824923472478,0.0001486945548094,0.0006597976898774,True,0.8,0.15,0.05
607,-16.151491,13.409272,4747.32903,2012-09-02,9/7/2012,58.0,0.0005210630479268,0.0010475016897544,6.387879693647847e-05,0.0002704349462874,True,0.16,0.39,0.45
608,76.85692,31.306274,37710.76145,2012-09-16,9/18/2012,8.0,0.0002449975581839,0.0004683407023549,8.891271863831207e-05,0.0001307937491219,True,0.102,0.447,0.451
609,68.775576,28.044522,23036.10952,2012-09-10,10/29/2012,98.0,0.0018586200894787,0.0029937019571661,0.0005328201223164,0.001706093782559,True,0.76,0.09,0.15
610,99.640458,17.090901,44011.29537,2012-09-12,9/26/2012,1.0,0.0003454888937994,0.0007353620021604,0.0002076209202641,0.0003681172383949,True,0.886,0.07,0.044
611,29.585968,9.569418,138743.899,2012-09-07,10/3/2012,87.0,0.0002454928762745,0.0006391041097231,1.1529384210007264e-05,7.94891529949382e-05,True,0.231,0.407,0.362
612,44.896686,4.944556,13753.98898,2012-09-22,10/3/2012,74.0,1.9749951007952404e-08,3.8606921748396417e-07,0.0,0.0,True,0.068,0.708,0.224
613,2.956491,14.315988,121035.6525,2012-09-15,10/15/2012,73.0,2.6104427888640203e-05,0.0001611050247447,9.036726567046573e-08,8.286513093480607e-07,True,0.779,0.151,0.07
614,20.506625,11.078585,86061.68118,2012-09-15,10/15/2012,87.0,0.0001729210052872,0.0005851628957316,1.5607984096277505e-05,0.000125999606098,True,0.231,0.407,0.362
615,28.709678,39.509315,15306.6717,2012-12-02,12/4/2012,53.0,8.558952686144039e-05,0.0002436970680719,3.977143478550715e-06,1.603935015737079e-05,True,0.061,0.867,0.072
616,-59.625194,-27.5025,377212.5458,2012-11-20,12/4/2012,45.0,6.697467324556783e-05,0.0003399005508981,3.216395725758048e-06,1.2063678695994897e-05,True,0.528,0.289,0.183
617,121.883077,-3.867021,67600.20177,2013-01-03,1/10/2013,4.0,0.000620657519903,0.001045323559083,0.0001915352477226,0.0005772845470346,True,0.478,0.466,0.056
618,125.30844,7.256988,51781.98437,2013-01-04,1/10/2013,4.0,0.0014515593647956,0.0019954810850322,0.0004171189793851,0.0011012235190719,True,0.478,0.466,0.056
619,-76.457258,-9.282979,318648.9463,2013-01-04,1/10/2013,40.0,0.0002693670976441,0.0006493918481282,0.0001634453510632,0.0003439311985857,True,0.8,0.15,0.05
620,36.450233,32.839777,29142.9287,2013-01-08,1/10/2013,40.0,0.0006848394405096,0.0009039766155183,5.913694258197211e-05,0.0001682171132415,True,0.8,0.15,0.05
621,106.729879,-6.179453,1746.34032,2013-01-13,1/22/2013,,0.0005604558391496,0.0008392225136049,0.0002065782173303,0.0003684782423079,True,,,
622,36.51717,0.058024,71113.04818,2013-01-13,1/17/2013,76.0,2.0606561520253308e-05,6.648714042967185e-05,1.4251495485950729e-05,2.6757379600894637e-05,True,0.74,0.16,0.1
623,32.67733,-24.800608,83155.20769,2013-01-17,3/4/2013,71.0,0.0005999678978696,0.0010888047982007,3.877438211929984e-05,0.0001703891757642,True,0.91,0.025,0.065
624,25.064564,-20.376563,198590.4775,2013-01-15,2/1/2013,71.0,0.0002987293119076,0.0009290325106121,1.974623774003703e-05,0.0001576835784362,True,0.91,0.025,0.065
625,144.477319,-5.887359,245461.5842,2012-12-01,2/12/2013,7.0,0.0003646782133728,0.000944732048083,0.0001846773375291,0.0006130848196335,True,0.234,0.568,0.198
626,104.265313,-2.41871,4201.505756,2013-02-20,3/4/2013,42.0,0.0002522783761378,0.0005346569232642,0.0002392088063061,0.0001811606052797,True,0.174,0.618,0.208
627,22.624352,-17.814634,100905.1664,2013-03-01,3/17/2013,71.0,4.237674602336483e-06,3.774820652324706e-05,1.0931036740657872e-05,2.5908911993610673e-05,True,0.91,0.025,0.065
628,-97.597746,48.564308,43180.94162,2013-04-27,4/29/2013,16.0,2.4066252990451176e-06,2.5032675694092177e-05,1.175682155007962e-05,4.8592388338875026e-05,True,0.509,0.289,0.202
629,43.655301,2.169639,243476.2598,2013-05-01,5/16/2013,74.0,0.0001562761899549,0.0004673268122132,3.4591532767080935e-06,5.8489516959525645e-05,True,0.068,0.708,0.224
630,-57.65355,-24.146038,131222.5205,2013-07-04,7/15/2013,89.0,0.0001087976343114,0.0003841970174107,1.1717429515556432e-05,3.437915074755438e-05,True,0.21,0.591,0.199
631,70.637704,32.814392,549425.385,2013-08-01,8/7/2013,40.0,0.0001172023912658,0.0005020571989007,1.7399515854776837e-05,0.0001069131394615,True,0.8,0.15,0.05
632,128.424146,50.004265,102479.2664,2013-08-01,8/7/2013,51.0,0.0002637918223626,0.0005338297924026,5.551405774895102e-05,0.0001436898164683,True,0.153,0.701,0.146
633,69.106502,28.740393,462763.0908,2013-08-07,8/21/2013,40.0,8.734181756153703e-05,0.000351142429281,3.6251651636121096e-06,5.244709973339923e-05,True,0.8,0.15,0.05
634,130.272429,50.532277,1430155.557,2013-08-07,10/14/2013,40.0,0.0002406341227469,0.0006244382821023,8.145238825818524e-05,0.0002476525842212,True,0.8,0.15,0.05
635,105.083548,12.658027,52283.24687,2013-09-27,10/14/2013,1.0,0.0006633339216932,0.0010533587774261,0.0002850408491212,0.0005486530717462,True,0.886,0.07,0.044
636,101.693689,13.081862,312091.0009,2013-09-30,10/14/2013,4.0,0.0004079686186742,0.000866193906404,0.0001568749430589,0.0004604934365488,True,0.478,0.466,0.056
637,28.824089,7.737242,172574.2604,2013-10-08,10/14/2013,87.0,0.0001674429804552,0.0005578979034908,5.0170315262221266e-06,4.282342706574127e-05,True,0.231,0.407,0.362
638,85.932081,24.717423,102661.1353,2013-10-12,11/10/2013,53.0,0.0001135107086156,0.0003632890002336,7.800713501637802e-05,9.633863373892382e-05,True,0.061,0.867,0.072
639,-98.011079,30.660662,38936.38709,2013-10-31,11/10/2013,45.0,0.0004575697530526,0.0014004347613081,7.348864892264828e-05,0.0004542998503893,True,0.528,0.289,0.183
640,-86.789903,37.559702,16069.91086,2013-12-22,1/4/2014,53.0,0.0007720646681264,0.00170203007292,0.000165100544109,0.0007257281686179,True,0.061,0.867,0.072
641,-64.013513,-13.388781,381576.6482,2014-01-10,5/1/2014,5.0,0.0004345184424892,0.0008714845753274,0.0001614948851056,0.000358995195711,True,0.76,0.13,0.11
642,150.116713,-26.241474,250162.1226,2014-03-24,3/30/2014,92.0,0.0001551221939735,0.0005272559355944,1.364128706882184e-06,5.657026122207753e-06,True,0.45,0.17,0.38
643,38.968923,-7.193015,18498.39235,2014-04-18,5/1/2014,89.0,0.0003993175632786,0.0008619501604698,3.8649915950372815e-05,0.000266588962404,True,0.21,0.591,0.199
644,38.944179,-7.664354,22249.34265,2014-05-10,5/16/2014,89.0,0.0001253264927072,0.000392431160435,8.466698091069702e-06,9.713474719319493e-05,True,0.21,0.591,0.199
645,113.34169,23.265167,45994.29761,2014-05-30,6/10/2014,40.0,0.0003205532266292,0.0008348882547579,0.0001726712507661,0.0003565443039406,True,0.8,0.15,0.05
646,-53.547014,-24.354116,554605.2536,2014-06-03,7/14/2014,27.0,7.793739496264607e-05,0.0003689524310175,3.237344935769215e-05,6.32634837529622e-05,True,0.28,0.16,0.56
647,124.729885,6.771897,15356.3096,2014-06-17,6/25/2014,83.0,0.0010533953318372,0.0013676488306373,0.0003537148295436,0.0007076665642671,True,0.272,0.43,0.298
648,99.738953,19.82582,15921.63198,2014-07-11,7/14/2014,4.0,0.0003858998534269,0.0007620427059009,0.0001095413826988,0.0002821602975018,True,0.478,0.466,0.056
649,174.068419,-35.698936,8581.237248,2014-07-05,7/14/2014,,8.78640275914222e-05,0.0002010222087847,2.7160322133568116e-06,7.970550541358534e-06,True,,,
650,-59.559684,-2.929344,256564.5748,2014-05-22,7/29/2014,28.0,0.0004814969724975,0.0008704873616807,0.0002668302040547,0.0004108723369427,True,0.15,0.1,0.75
651,-58.025587,-32.346689,44866.45705,2014-07-03,7/29/2014,87.0,1.587126917002024e-06,8.570357749704272e-06,1.239889024873264e-05,1.4583137271984016e-05,True,0.231,0.407,0.362
652,79.758579,27.385201,107474.388,2014-08-11,9/8/2014,8.0,0.0003211134462617,0.000777335895691,6.0736423620255664e-05,0.0003409427590668,True,0.102,0.447,0.451
653,86.253746,26.179465,62650.80273,2014-08-14,9/8/2014,8.0,0.0016669657779857,0.0028311307542026,0.0008900657412596,0.0023433102760463,True,0.102,0.447,0.451
654,6.40648,16.327289,350748.906,2014-08-13,8/19/2014,73.0,0.0001829572283895,0.0010613084305077,7.396429737127619e-06,0.0001884776138467,True,0.779,0.151,0.07
655,94.654164,27.613202,44290.91197,2014-08-15,9/8/2014,4.0,0.0022864055354148,0.0022960307542234,0.0020660948939621,0.0022612719330936,True,0.478,0.466,0.056
656,90.633346,24.566128,35999.91113,2014-08-20,9/8/2014,31.0,0.0008018633234314,0.0011709886603057,0.00053471600404,0.0007789630326442,True,0.003,0.246,0.751
657,75.341864,33.944858,253686.9335,2014-09-01,10/11/2014,8.0,0.0001193158313981,0.0003762433480005,4.249705307302065e-05,0.0001259339187527,True,0.102,0.447,0.451
658,100.456514,16.403907,34449.25294,2014-09-01,9/8/2014,43.0,0.0005296130548231,0.0010408356320112,0.0002024866989813,0.0006368372705765,True,0.349,0.266,0.385
659,32.906766,6.941732,143087.3061,2014-09-21,10/11/2014,86.0,0.0002015397622017,0.0006865530158393,2.445870813971851e-05,0.0001362861949019,True,0.105,0.478,0.417
660,92.489108,26.746527,61894.96575,2014-09-24,10/11/2014,43.0,0.0012210134882479,0.0021114263217896,0.001179717364721,0.0020175899844616,True,0.349,0.266,0.385
661,-16.532883,28.278193,7566.974228,2014-10-19,10/22/2014,,0.00017929871683,0.0005711029516533,1.5921062868073932e-06,1.8069880752591416e-05,True,,,
662,45.253771,4.134278,42635.81312,2014-10-24,11/16/2014,74.0,0.0003230161091778,0.0009889027569442,1.5230589269776829e-05,0.0001421853230567,True,0.068,0.708,0.224
663,99.516261,8.024092,31653.07901,2014-11-07,11/16/2014,4.0,0.0002269040996907,0.0006925575435161,6.412951915990561e-05,0.0001446257374482,True,0.478,0.466,0.056
664,27.710632,41.457879,147616.5717,2014-12-04,12/14/2014,49.0,0.0003220308863092,0.0006349381874315,3.204797030775808e-05,0.0001324762706644,True,0.742,0.195,0.063
665,-123.100985,39.796732,70255.56081,2014-12-11,12/14/2014,4.0,0.0005761677748523,0.0014377693878486,0.0001073771927622,0.0004990152083337,True,0.478,0.466,0.056
666,80.983382,7.909725,50316.8114,2014-12-20,1/1/2015,49.0,0.00131731107831,0.0022826774511486,0.0004065935499966,0.0017619022401049,True,0.742,0.195,0.063
667,102.163815,4.725076,90680.37691,2014-12-20,1/1/2015,4.0,0.0007454542210325,0.001027662307024,0.0002483665593899,0.0006286262068897,True,0.478,0.466,0.056
668,127.055774,-19.187214,1519623.452,2015-01-05,1/11/2015,72.0,0.0007436212035827,0.0014117864193394,2.8319778721197508e-05,0.000250956043601,True,0.87,0.04,0.09
669,35.356372,-18.794576,485939.3886,2015-01-01,2/9/2015,50.0,0.00037341620191,0.0009993794374167,6.132137059466913e-05,0.0004199192626401,True,0.91,0.03,0.06
670,-63.766078,-16.463788,137629.7107,2015-01-05,2/9/2015,7.0,0.0003452915698289,0.000905705965124,0.0001298708084505,0.0004542448150459,True,0.234,0.568,0.198
671,26.597174,41.457083,151104.5167,2015-02-01,2/9/2015,49.0,0.0002831023011822,0.000638926110696,5.672171027981676e-05,0.0002128126507159,True,0.742,0.195,0.063
672,122.861751,0.686073,18063.44456,2015-02-05,2/9/2015,3.0,0.0009142940980382,0.0012957933358848,0.0001846394297899,0.0004680712008848,True,0.181,0.265,0.554
673,-65.844532,-11.504221,487370.7485,2015-02-20,2/24/2015,4.0,0.0007586648571304,0.0013011044356971,0.0003946424694731,0.000749182247091,True,0.478,0.466,0.056
674,-69.803492,19.328489,11588.13007,2015-02-20,2/24/2015,6.0,0.0002626958303153,0.0008894005441106,3.2200307032326236e-05,0.0002308036782778,True,0.288,0.582,0.13
675,-86.233174,37.026804,56870.12365,2015-03-10,3/23/2015,4.0,0.0002949848712887,0.000666132371407,9.259680518880486e-05,0.0001656524400459,True,0.478,0.466,0.056
676,108.399177,-6.55868,7001.532561,2015-03-15,3/23/2015,,0.0004669871705118,0.0007126818527467,0.000127573555801,0.0002823432732839,True,,,
677,13.681068,-8.816642,10252.78572,2015-03-09,3/23/2015,94.0,0.0001423393405275,0.0007213024655357,1.2861220056947786e-05,0.0001548570435261,True,0.335,0.582,0.083
678,76.405834,33.17674,70287.98058,2015-03-20,3/31/2015,8.0,2.1438152089103824e-06,1.6340032743755728e-05,4.3959138565696776e-05,0.0001333611726295,True,0.102,0.447,0.451
679,47.010559,-18.155697,68755.39461,2015-03-05,4/15/2015,59.0,0.001362171722576,0.0022373974788933,0.001048989011906,0.0019047970417886,True,0.21,0.15,0.64
680,79.177106,10.712137,14179.41262,2015-05-17,5/21/2015,43.0,0.0006361816776916,0.0011091644410043,4.285792601876892e-05,0.0003027000639121,True,0.349,0.266,0.385
681,81.527738,58.190103,242622.1282,2015-05-15,6/2/2015,32.0,3.9022899045448867e-07,4.4444950617617e-06,4.4939308281755075e-05,3.2824456866364926e-05,True,0.961,0.024,0.015
682,93.874744,26.919545,60437.22961,2015-06-02,6/29/2015,43.0,0.0005543586448766,0.000989246298559,0.0003634031454566,0.0006951297400519,True,0.349,0.266,0.385
683,70.764317,21.873364,43781.56328,2015-06-24,6/29/2015,86.0,0.0008927602320909,0.0028717096429318,6.833006045781076e-05,0.0008630839874967,True,0.105,0.478,0.417
684,72.27367,34.343166,137039.961,2015-07-15,8/19/2015,40.0,7.573875336674973e-05,0.0003130999975837,5.4246724175754935e-05,0.0002140978613169,True,0.8,0.15,0.05
685,-83.16498,38.388691,44261.07306,2015-07-18,7/21/2015,7.0,7.273075607372448e-05,0.0003433876263443,1.7585873138159513e-05,2.183261312893592e-05,True,0.234,0.568,0.198
686,-58.743148,6.665761,30931.23465,2015-07-16,7/21/2015,4.0,0.0007246158784255,0.0018041071016341,0.0002362858795095,0.0006609116098843,True,0.478,0.466,0.056
687,-50.750999,-25.568947,690931.3057,2015-07-10,7/21/2015,24.0,0.0003273243200965,0.0007594797061756,0.000103969417978,0.0002847394207492,True,0.095,0.29,0.615
688,106.86508,20.813733,24336.74249,2015-07-25,8/5/2015,4.0,0.0005255674477666,0.0009103745687752,3.981568806921132e-05,0.0001745304034557,True,0.478,0.466,0.056
689,82.616452,26.20738,629961.6058,2015-07-15,8/19/2015,8.0,0.0003047957725357,0.0009104855707846,0.0001121169625548,0.0005858790827915,True,0.102,0.447,0.451
690,95.532558,20.174691,296423.9656,2015-07-15,8/19/2015,4.0,0.0005457932129502,0.0009533877018839,0.0001932923187268,0.0005521546700038,True,0.478,0.466,0.056
691,93.751026,26.894603,69190.14061,2015-08-13,9/11/2015,43.0,0.0005340488278307,0.000964076782111,0.0003596764581743,0.0006166293169371,True,0.349,0.266,0.385
692,104.761883,20.566882,192886.7256,2015-09-07,9/11/2015,4.0,0.0002410776942269,0.0006493780529126,0.0001743349857861,0.0002716847520787,True,0.478,0.466,0.056
693,11.528384,9.952668,186816.0203,2015-08-30,9/11/2015,40.0,0.000494189443998,0.0010940566426143,9.36599972192198e-05,0.0003549333778209,True,0.8,0.15,0.05
694,-53.571757,-29.956828,392899.1874,2015-10-14,10/28/2015,39.0,0.0002259471220895,0.0006969841779209,0.0001194665528601,0.0002322602522326,True,0.039,0.764,0.197
695,30.481903,31.042172,8231.840537,2015-10-24,10/28/2015,,1.551842433400452e-05,0.0001696483523119,3.801942316528084e-09,4.9708983596019614e-08,True,,,
696,-91.082899,35.665762,526834.7579,2015-12-15,1/29/2016,4.0,0.0005056044319644,0.0013134299078956,9.478868742007762e-05,0.000409399770433,True,0.478,0.466,0.056
697,-55.848159,-26.036936,574056.9944,2015-12-01,1/29/2016,89.0,0.0003246943524572,0.0009172771242447,0.0001309155632043,0.0003670796868391,True,0.21,0.591,0.199
698,39.51328,-2.036427,103769.5243,2015-12-01,1/6/2016,50.0,0.0001355494459858,0.0006199402851052,9.671148291090503e-06,0.0002004422422032,True,0.91,0.03,0.06
699,-43.228975,-22.522713,53196.42224,2016-01-15,1/29/2016,25.0,0.0006563044153153,0.0011805914109572,0.0002066585439024,0.0005917904782108,True,0.16,0.08,0.76
700,35.504833,-4.761681,182022.095,2016-01-14,1/29/2016,1.0,0.0002056269731838,0.0006962256738916,2.605002373456955e-05,0.0001955585175892,True,0.886,0.07,0.044
701,-56.442003,-17.955485,110514.827,2016-01-05,1/29/2016,89.0,0.0002750467683654,0.000756844994612,2.358270103286486e-05,0.0001558221993036,True,0.21,0.591,0.199
702,-79.700891,-0.786333,69541.98251,2016-01-19,1/29/2016,58.0,0.0005420032539404,0.001008799765259,0.000336481956765,0.0007614891510456,True,0.16,0.39,0.45
703,145.712371,-41.858015,30723.28431,2016-01-27,1/29/2016,3.0,6.991367263253778e-05,0.000237870728597,1.1289836947980804e-05,1.0494669368199538e-05,True,0.181,0.265,0.554
704,-3.837328,55.183358,14340.10596,2016-01-27,1/29/2016,31.0,0.0005268480163067,0.0007066170219331,0.0001325977646047,0.0001319221628364,True,0.003,0.246,0.751
705,103.351503,-2.465434,235818.7827,2016-01-18,3/10/2016,4.0,0.0004630486073438,0.0009826380992308,0.0001609239698154,0.0005245564389042,True,0.478,0.466,0.056
706,21.054631,44.67104,16442.45294,2016-03-06,3/10/2016,8.0,0.000275932077784,0.0005486250156536,2.87042093987111e-05,7.603434642078355e-05,True,0.102,0.447,0.451
707,-64.929023,-12.842969,190581.4281,2016-02-28,3/10/2016,5.0,0.0004673188959714,0.000898569880519,0.0001698552514426,0.0003831580688711,True,0.76,0.13,0.11
708,-96.10583,30.908557,248620.0838,2016-03-08,3/25/2016,49.0,0.0002679100434761,0.0010963428067043,2.876775397453457e-05,0.0002218259178334,True,0.742,0.195,0.063
709,71.7788,33.054515,111748.3945,2016-03-12,4/13/2016,8.0,0.000718975556083,0.0009530363022349,8.462470577796921e-05,0.0002161845623049,True,0.102,0.447,0.451
710,-63.122747,-28.563259,199290.0041,2016-03-05,3/25/2016,45.0,7.581196405226365e-05,0.0003156899765599,2.300897722307127e-05,0.0001604231947567,True,0.528,0.289,0.183
711,-58.223535,-31.143073,518692.9326,2016-04-01,4/13/2016,39.0,0.0001256977848242,0.0006675808108411,1.8981034372700375e-05,9.395764936925843e-05,True,0.039,0.764,0.197
712,-56.194568,-32.434709,126653.1077,2016-04-12,5/11/2016,39.0,0.000315847719321,0.0007089156424626,6.407268665498123e-05,0.0002934939402621,True,0.039,0.764,0.197
713,95.606788,27.463976,70517.67683,2016-04-20,5/1/2016,4.0,0.0008640839369036,0.0011195843107998,0.0004690616624429,0.0006831699283793,True,0.478,0.466,0.056
714,35.999703,-6.894272,84214.62796,2016-04-22,5/30/2016,6.0,0.0001454750163247,0.0004331482341513,2.987348852911964e-05,0.0001065115502569,True,0.288,0.582,0.13
715,47.035303,51.31452,80319.40492,2016-04-15,5/30/2016,45.0,3.654987449408509e-05,0.0001227444445248,2.348085217818152e-06,4.9236437007493805e-06,True,0.528,0.289,0.183
716,-95.536729,30.857441,160371.3907,2016-05-26,6/24/2016,4.0,0.0002315674064448,0.0012502975296229,5.3101237426744774e-05,0.0006988996756263,True,0.478,0.466,0.056
717,110.032248,-7.476875,39127.44843,2016-06-17,6/24/2016,83.0,0.0004061975632794,0.0007422397029586,5.5193842854350805e-05,0.0001925916294567,True,0.272,0.43,0.298
718,95.260379,18.315771,93839.6664,2016-06-01,8/16/2016,31.0,0.0005640963208861,0.0010894909501075,7.43783384677954e-05,0.0003794060030486,True,0.003,0.246,0.751
719,34.242915,12.519849,39617.88447,2016-06-30,7/6/2016,86.0,6.977164593990892e-05,0.0002760549832601,4.045343757752562e-07,1.7985028080147458e-06,True,0.105,0.478,0.417
720,101.075102,5.172299,36060.08545,2016-07-18,7/19/2016,4.0,0.0006849299534223,0.0012602026108652,7.920079224277288e-05,0.0003153584548272,True,0.478,0.466,0.056
721,80.83492,22.810744,167030.2329,2016-07-07,8/3/2016,86.0,0.0017444603145122,0.0022338773123919,0.0005368329584598,0.0011982553405687,True,0.105,0.478,0.417
722,32.288179,-27.594955,22841.138,2016-07-25,8/3/2016,70.0,0.0004443915386218,0.0010506130056455,1.0994665444741258e-06,2.851212911991752e-06,True,0.98,0.02,0.0
723,90.039502,24.095044,45667.11169,2016-07-25,8/26/2016,31.0,0.0005805645487271,0.0008313354919664,0.0003510281385388,0.0004814749700017,True,0.003,0.246,0.751
724,-77.214169,39.333933,4161.403606,2016-07-30,7/31/2016,49.0,0.0007058940827846,0.0014838618226349,4.268725751899183e-05,0.0002059545804513,True,0.742,0.195,0.063
725,-91.800461,29.9879,19554.01592,2016-08-14,8/26/2016,89.0,0.0027972068637609,0.0042126444168388,0.0010553108295425,0.0030584947671741,True,0.21,0.591,0.199
726,96.868707,26.347448,62208.17699,2016-08-15,8/26/2016,4.0,0.0004883459769189,0.0010285365860909,0.0003267549327574,0.0005722129717469,True,0.478,0.466,0.056
727,5.095075,15.485015,41985.86923,2016-09-14,9/22/2016,73.0,7.828794332453981e-05,0.0005244919448159,1.999042069655843e-07,1.722295451145328e-06,True,0.779,0.151,0.07
728,100.394655,14.866708,17187.4267,2016-10-06,10/16/2016,58.0,0.0004990031593479,0.0007068956037983,5.725495066144504e-05,0.0001903356314869,True,0.16,0.39,0.45
729,-55.669729,-34.663688,281856.2244,2016-10-10,11/10/2016,39.0,1.2013682862743735e-05,5.908638922846876e-05,1.322192110819742e-05,1.8332941181142814e-05,True,0.039,0.764,0.197
730,100.753436,14.444781,67395.39205,2016-12-01,12/7/2016,4.0,3.953012856072746e-05,0.0002283928624819,1.5950357919791713e-05,5.855496783624403e-05,True,0.478,0.466,0.056
731,-59.807119,-33.770758,445992.6106,2016-12-26,1/5/2017,39.0,0.0005602401797659,0.0017278353916481,8.584996976424009e-05,0.0005121828871779,True,0.039,0.764,0.197
732,133.489083,-21.521533,1155717.36,2016-12-25,1/5/2017,72.0,0.0006732793408446,0.0015660194912925,1.8094504412147216e-05,0.0001892034779302,True,0.87,0.04,0.09
733,100.060618,7.304939,50020.10833,2016-12-31,2/7/2017,4.0,0.0002826549171004,0.0006068662041798,3.972245394834317e-05,9.190097625833003e-05,True,0.478,0.466,0.056
734,-122.457654,39.623615,107407.2575,2017-01-04,1/5/2017,4.0,0.0006628556293435,0.0008714498835615,6.637576007051393e-05,0.00015710030857,True,0.478,0.466,0.056
735,-55.551237,-29.409362,386846.7376,2017-01-05,1/21/2017,91.0,0.0003751165932044,0.0013281386345624,6.485715857706964e-05,0.0003617992042563,True,0.4,0.37,0.23
736,34.515093,-20.777836,128096.6858,2017-01-01,2/7/2017,71.0,9.22085891943425e-05,0.0003691819729283,4.452896519069327e-06,7.279431156348437e-05,True,0.91,0.025,0.065
737,-120.824584,38.803959,126994.9854,2017-02-16,3/3/2017,41.0,0.000154944253154,0.0006368140457198,0.0001078145069186,0.0001847748790169,True,0.396,0.431,0.173
738,150.760044,-31.695612,138000.2759,2017-03-13,3/22/2017,92.0,0.0003231679147575,0.0010070147691294,1.891183273983188e-05,0.0001652628561714,True,0.45,0.17,0.38
739,17.046184,-20.569767,248928.2833,2017-03-09,3/22/2017,95.0,0.0002145606558769,0.0006240991642698,7.905209713499062e-06,7.843811181373894e-05,True,0.489,0.321,0.19
740,90.682833,24.317835,16281.30454,2017-03-30,4/18/2017,31.0,0.0009604710503481,0.0016399738378822,0.0001989846350625,0.0006189367850311,True,0.003,0.246,0.751
741,176.790204,-38.204246,23530.76016,2017-04-05,4/21/2017,84.0,0.0015799954999238,0.0018588721286505,0.0001387946831528,0.0003859956923406,True,0.75,0.21,0.04
742,-67.938778,-45.953281,27377.03223,2017-04-05,4/21/2017,100.0,5.790197246824391e-05,0.0002348783309571,3.187535639881389e-07,2.0838974705839064e-06,True,0.732,0.216,0.052
743,-62.627877,-27.423069,273962.6436,2017-04-05,4/21/2017,45.0,0.00035336491419,0.0010849321261048,8.041080582188442e-05,0.0005322833312675,True,0.528,0.289,0.183
744,37.880209,-2.878787,55027.86458,2017-05-08,5/15/2017,50.0,0.0004920162609778,0.0014008309226483,8.067563612712547e-05,0.0006738121737726,True,0.91,0.03,0.06
745,94.938714,27.613121,65387.72833,2017-06-02,7/3/2017,4.0,0.0009037010604515,0.0014661803143098,0.0007283298182301,0.0012022455921396,True,0.478,0.466,0.056
746,125.249498,7.76344,8703.643109,2017-06-12,6/14/2017,4.0,0.0002708710671868,0.0006767054437659,0.000176232351805,0.0003621689102146,True,0.478,0.466,0.056
747,-67.52709,7.835109,122334.4692,2017-08-04,8/21/2017,30.0,0.0002935614902526,0.0007107650744728,0.0001556773786433,0.0002541553403716,True,0.3,0.47,0.23
748,88.084765,22.906125,43809.39284,2017-07-27,8/10/2017,50.0,0.000913503812626,0.001328726648353,0.0004426393425092,0.00085060991114,True,0.91,0.03,0.06
749,105.157778,21.65766,23949.59988,2017-08-02,8/10/2017,4.0,0.0004717292904388,0.0010876092128455,0.0002690471592359,0.0005483258864842,True,0.478,0.466,0.056
750,9.920057,52.994591,25766.71846,2017-07-25,7/29/2017,66.0,0.0006169418920762,0.0008281533373519,4.012758654425852e-05,0.0001132636753027,True,0.939,0.058,0.003
751,79.076049,28.16566,421575.2439,2017-08-10,8/26/2017,8.0,0.0005174037069082,0.0011445427080616,0.0002395910123595,0.0008890281314961,True,0.102,0.447,0.451
752,90.014758,24.591169,100009.942,2017-08-10,8/26/2017,31.0,0.0007763456087559,0.0013397466391324,0.0004809304955415,0.0009608950349502,True,0.003,0.246,0.751
753,-57.598762,-25.311985,2924.113742,2018-01-13,1/22/2018,43.0,0.0002833369653671,0.0006324254791252,1.1145903044962324e-05,2.9583447030745447e-05,True,0.349,0.266,0.385
754,-63.246465,-24.484188,234622.6382,2018-02-01,2/21/2018,43.0,0.00063597218832,0.0013545510591939,0.0001125572234741,0.0005449335440061,True,0.349,0.266,0.385
755,-64.013513,-14.405328,245647.6603,2018-02-10,2/21/2018,5.0,0.0003276487695984,0.0009242470259778,0.0001746602356433,0.0002670137037057,True,0.76,0.13,0.11
756,145.217501,-17.015232,105583.266,2018-03-05,3/26/2018,27.0,0.0004841224872507,0.0012500297743827,6.0441096138674766e-05,0.0004916709731332,True,0.28,0.16,0.56
757,19.941173,40.865552,10316.9512,2018-03-07,3/14/2018,49.0,0.0004277441767044,0.0006125890649855,0.0002187324862461,0.0002971656504087,True,0.742,0.195,0.063
758,16.94721,44.734938,27949.77169,2018-03-10,3/14/2018,21.0,9.1262067144271e-05,0.0003010170476045,9.241572843166068e-05,0.0001001642158371,True,0.471,0.448,0.081
759,22.53924,39.686804,4560.389906,2018-02-26,3/2/2018,41.0,0.0009746648720465,0.0011224526679143,0.0001254160306416,0.000252922240179,True,0.396,0.431,0.173
760,118.568754,-8.497488,3938.28571,2018-03-05,3/6/2018,49.0,0.0002454258792567,0.0007451511337421,8.064320718403906e-05,0.0003062412142753,True,0.742,0.195,0.063
761,16.006957,-11.247113,462991.0644,2018-03-01,3/14/2018,25.0,0.0002890722535084,0.0008334548329003,7.701414142502472e-05,0.0002654615964274,True,0.16,0.08,0.76
762,-121.121506,37.911751,51513.38479,2018-03-21,3/24/2018,43.0,0.0003666216507554,0.0006473793182522,6.7254135501571e-05,0.0002617734717205,True,0.349,0.266,0.385
763,-88.11368,38.292104,58373.42937,2018-04-03,4/8/2018,53.0,0.0004895096644759,0.0010292747756466,0.000200630252948,0.0004338514700066,True,0.061,0.867,0.072
764,26.671405,41.531705,12826.19554,2018-03-25,4/8/2018,49.0,0.0001834263966884,0.0003349314210936,1.016949045151705e-05,2.0260245946701616e-05,True,0.742,0.195,0.063
765,29.640624,-4.014862,8958.538722,2018-04-28,5/1/2018,25.0,0.0005360150826163,0.0008237127331085,0.0002400009398115,0.0003899717121385,True,0.16,0.08,0.76
766,30.011777,-1.783994,14768.04876,2018-04-23,4/25/2018,25.0,0.0004213768115732,0.0011478296946734,0.0002349838614463,0.0007305217441171,True,0.16,0.08,0.76
767,93.8747,21.9855,98881.34,2018-06-15,6/20/2018,9.0,0.0012752996990457,0.0018976542633026,0.0007901701028458,0.0015501836314797,True,0.646,0.09,0.264
768,75.1439,33.3752,25994.04,2018-06-25,7/11/2018,40.0,0.0001252076181117,0.000355632888386,8.716440061107278e-05,0.0002375622862018,True,0.8,0.15,0.05
769,72.5706,33.3024,148548.16,2018-07-03,7/11/2018,8.0,0.0001763861073413,0.000682306359522,4.545912452158518e-05,0.0003984876093454,True,0.102,0.447,0.451
770,91.4251,47.6723,188249.04,2018-07-11,7/19/2018,40.0,4.00970529881306e-05,0.0002084468142129,6.543713425344322e-06,2.492271232767962e-05,True,0.8,0.15,0.05
771,-68.2941,2.75369,138376.07,2018-07-26,9/4/2018,28.0,0.0006997287855483,0.0011223178589716,0.0005705195944756,0.0009506633505225,True,0.15,0.1,0.75
772,94.1222,27.2914,73328.62,2018-08-02,8/10/2018,4.0,0.0009007307235151,0.0012149055255576,0.0007735960534773,0.0011070133186876,True,0.478,0.466,0.056
773,95.4336,18.1914,46815.06,2018-07-15,8/10/2018,9.0,0.0010820250026881,0.0013266303576529,0.0006558930617757,0.0011165057076141,True,0.646,0.09,0.264
774,8.2375,10.4748,257477.37,2018-08-20,10/2/2018,50.0,0.0003128788957837,0.0008892477490007,5.610834341496229e-05,0.0003077201836276,True,0.91,0.03,0.06
775,82.4309,25.7354,70859.96,2018-09-01,9/7/2018,8.0,0.0006656240439042,0.0013287598267197,0.0002258823078591,0.0007409007521346,True,0.102,0.447,0.451
776,-1.06606,9.53755,83997.78,2018-09-01,10/2/2018,50.0,0.0005200881278142,0.0011113624786958,0.0001486663823015,0.0005681284819729,True,0.91,0.03,0.06
777,-57.0853,-25.3427,97154.2,2018-10-29,11/7/2018,4.0,2.4585053779446753e-06,1.4007456229592208e-05,8.761013305047527e-06,2.5360512154293247e-05,True,0.478,0.466,0.056
778,-120.058,35.7787,72393.23,2018-12-05,12/10/2018,49.0,0.0001137043436756,0.0003213019517716,2.6434790925122797e-06,1.2409432201820891e-05,True,0.742,0.195,0.063
779,-1.193707,53.456925,106806.8755,2012-11-20,12/18/2012,31.0,0.0001366860087728,0.0003256921481806,3.112006379524246e-05,4.571523459162563e-05,True,0.003,0.246,0.751
780,-1.511439,53.273185,126149.7944,2013-12-27,2/7/2014,31.0,0.0001365744974464,0.0003378177061676,3.426492548896931e-05,6.043673420208506e-05,True,0.003,0.246,0.751
781,-2.774857,54.986812,36750.18845,2015-12-05,1/26/2016,31.0,0.0007089379942044,0.000895558623597,0.0001508148852735,0.0002617936988826,True,0.003,0.246,0.751
782,104.302485,20.673965,69855.97357,2009-05-10,7/1/2009,4.0,0.0002247495576739,0.0005179535946808,4.586357317748479e-05,0.0001308109640376,True,0.478,0.466,0.056
783,5.625135,49.207412,259752.8882,2003-01-01,1/8/2003,7.0,0.0001456464087823,0.0003488929360173,4.821416223421693e-05,6.838930858066306e-05,True,0.234,0.568,0.198
784,143.6978,-31.268059,468962.971,1999-02-18,3/1/2000,86.0,2.491706027285545e-06,0.0001000672709778,4.0360347952628217e-07,3.2462310628034174e-05,False,0.105,0.478,0.417
785,105.063841,11.242567,119919.5595,1999-07-12,8/10/2000,31.0,0.0004512274754233,0.0008751803543418,6.684513937216252e-05,0.0002116840623784,False,0.003,0.246,0.751
786,113.483009,25.229313,25899.57821,1999-09-02,9/6/2000,4.0,0.0002772707084659,0.0008122003637254,0.0001849069813033,0.0002947839384432,False,0.478,0.466,0.056
787,88.5453,24.084064,155000.8817,1999-09-19,10/21/2000,31.0,0.0002609648799989,0.0005695740692317,0.0001332450628979,0.0001511830341769,False,0.003,0.246,0.751
788,84.798732,21.055916,105057.2949,2000-07-08,8/10/2001,50.0,0.0002889241150114,0.0007740061264485,2.068893809337169e-05,0.0001804733037715,False,0.91,0.03,0.06
789,34.427661,14.996666,557928.1071,2000-08-06,9/13/2001,86.0,0.0002893287164624,0.000768011494074,7.602665573358536e-05,0.0003108264354523,False,0.105,0.478,0.417
790,16.260548,9.326659,104251.7308,2000-08-19,10/11/2001,43.0,0.0004822534974664,0.0008072414202615,6.647193367825821e-05,0.0002416059869574,False,0.349,0.266,0.385
791,105.382431,11.768371,74458.22116,2000-08-15,11/19/2001,31.0,0.0002551386132836,0.0006953652482479,6.781001866329461e-05,0.0001613422209629,False,0.003,0.246,0.751
792,83.051328,26.755588,35442.05965,2000-08-20,9/11/2001,8.0,0.0002596282283775,0.0006693854811601,0.000103532198409,0.0002331711002625,False,0.102,0.447,0.451
793,84.869961,26.532079,30123.9464,2000-09-07,9/24/2001,12.0,0.0005773111479356,0.0009507291251793,0.0002196609566453,0.0003673430765047,False,0.372,0.252,0.376
794,-9.227085,10.549334,264055.3911,2000-08-18,10/9/2001,50.0,0.0001371604157611,0.0005594173562712,1.343645817541983e-05,5.862054240424186e-05,False,0.91,0.03,0.06
795,-61.214816,-32.897203,627890.7693,2000-10-01,12/1/2001,38.0,5.858349322807044e-05,0.0003290626627858,1.08008016468375e-05,2.359784957661759e-05,False,0.033,0.65,0.317
796,42.508939,0.491533,3907.324849,2000-11-01,11/14/2001,41.0,6.868060154374689e-05,0.0003689357545226,5.617936267299228e-07,1.0456742529640906e-05,False,0.396,0.431,0.173
797,-89.868418,35.18328,132283.2401,2000-11-28,12/7/2001,31.0,5.630109171761433e-06,5.270449764793739e-05,2.098295453833998e-06,2.243803010060219e-06,False,0.003,0.246,0.751
798,-91.79578,34.93086,45272.8891,2000-12-17,12/25/2001,30.0,0.000377754564397,0.0010090443538501,9.825036249822006e-05,0.0004416045267134,False,0.3,0.47,0.23
799,-50.481932,-11.878068,139112.7861,2001-01-15,4/2/2002,5.0,0.0002064549917122,0.0005924347206018,0.0001116620915126,0.0001503862586105,False,0.76,0.13,0.11
800,43.063067,7.310603,282524.6533,2001-04-16,4/21/2002,74.0,0.0002210225648013,0.0008093228098005,1.3352741916605735e-05,0.0001199895777972,False,0.068,0.708,0.224
801,33.544103,-0.075707,1111282.616,2001-04-26,5/28/2002,1.0,0.000209871053812,0.0006935273413546,4.44300239905715e-05,0.000366635620594,False,0.886,0.07,0.044
802,-88.288297,39.195432,257337.9671,2001-05-07,6/8/2002,39.0,0.0001707653718767,0.0004558775108307,2.0592577129718848e-05,2.8946393285878003e-05,False,0.039,0.764,0.197
803,64.578305,58.692261,61802.23867,2001-05-07,6/6/2002,20.0,7.28629165678285e-05,0.0002848775766324,1.3561189007305074e-05,7.947596714075189e-06,False,0.121,0.735,0.144
804,-57.810991,-26.67674,52917.92075,2001-05-06,5/28/2002,91.0,1.4221298442862462e-05,0.0001274306123377,5.7315519370604306e-05,7.409972749883309e-05,False,0.4,0.37,0.23
805,-55.950506,-32.486429,205292.0036,2001-04-23,5/9/2002,39.0,0.0003385785676073,0.0010515707544982,4.461161734070629e-05,0.0002171968080801,False,0.039,0.764,0.197
806,-95.906382,47.340749,47497.7929,2001-06-08,6/29/2002,33.0,9.378499089507386e-05,0.0003054882690776,2.4740322260186076e-05,1.7410029613529332e-05,False,0.037,0.259,0.704
807,-79.430735,22.001825,15669.48002,2001-06-12,6/16/2002,4.0,1.2373561730782969e-05,0.0001043849842972,1.7207293012688754e-07,2.771181925709243e-06,False,0.478,0.466,0.056
808,43.255015,43.99291,224555.1309,2001-06-19,7/1/2002,45.0,0.0002120648277923,0.0005492090713232,6.100752580096014e-05,0.0002108433109242,False,0.528,0.289,0.183
809,115.253472,29.663348,598178.9773,2001-06-30,7/13/2002,31.0,0.0001582273398526,0.0006126326625235,0.000110277243948,0.0002135949762305,False,0.003,0.246,0.751
810,-98.359295,29.532606,134175.4838,2001-06-30,7/23/2002,49.0,1.4143088264972905e-05,9.125820361077784e-05,1.543584971841483e-06,3.165080897815642e-06,False,0.742,0.195,0.063
811,89.269578,25.841781,276609.3695,2001-06-21,8/28/2002,31.0,0.0008173763635568,0.0014800956705585,0.0004042104410473,0.0009599971817806,False,0.003,0.246,0.751
812,-70.784933,7.059215,1418.553283,2001-07-05,7/8/2002,,0.0003118327294941,0.0006166998646222,0.0002121442375937,0.0002045805304078,False,,,
813,-101.73755,41.092153,712.6877447,2001-07-06,7/8/2002,,0.000108072788862,0.0005520095000974,6.979630597925279e-07,3.7766521927551366e-06,False,,,
814,83.355221,27.57515,1921.203892,2001-07-07,7/9/2002,43.0,0.0002622099418658,0.0005805894033983,6.596847379114479e-05,0.0001703300513327,False,0.349,0.266,0.385
815,120.562734,15.340286,20604.45089,2001-07-06,7/19/2002,10.0,0.0015645913081243,0.002181168179959,0.0006722479010932,0.0016635820502415,False,0.48,0.25,0.27
816,174.757299,-36.951818,6948.684413,2001-07-12,7/15/2002,4.0,4.0970421650854405e-06,1.4975757949287072e-05,5.103428065922344e-06,9.289970876125151e-06,False,0.478,0.466,0.056
817,105.253898,10.501685,46641.08313,2001-07-15,12/2/2002,31.0,0.0002220202441094,0.000586645444855,3.8841590139782056e-05,9.303806291427465e-05,False,0.003,0.246,0.751
818,26.177966,47.646899,5421.406439,2001-07-19,7/23/2002,51.0,2.950429916381836e-05,0.0001395250146742,4.171331511315657e-06,5.510097707883688e-06,False,0.153,0.701,0.146
819,-69.306735,7.565261,224943.5421,2001-07-20,7/31/2002,30.0,0.0002770363935269,0.0006306074792519,0.0001920043141581,0.0003434418467804,False,0.3,0.47,0.23
820,132.379911,43.882229,23877.41665,2001-07-20,7/26/2002,51.0,0.0001387468946631,0.0004044217348564,7.869932233006693e-06,1.2412344403855968e-05,False,0.153,0.701,0.146
821,85.306497,27.696051,15065.7076,2001-07-21,8/15/2002,43.0,0.0006107855588197,0.0007888355758041,0.0003670983714982,0.0005992569494992,False,0.349,0.266,0.385
822,18.579803,-34.013343,275.3122077,2001-07-28,8/3/2002,,9.43887425819412e-06,4.157926741754636e-05,4.779409437105642e-07,8.558969284422346e-07,False,,,
823,116.272368,24.46072,2120.161194,2001-08-05,8/12/2002,40.0,7.153468322940171e-05,0.0002391831512795,8.104369044303894e-05,6.380082049872726e-05,False,0.8,0.15,0.05
824,112.817215,26.778129,94511.30521,2001-08-06,8/28/2002,87.0,4.433494541444816e-05,0.0002767174737527,3.337524685775861e-05,6.540301546920091e-05,False,0.231,0.407,0.362
825,13.029419,48.568393,252250.7015,2001-08-07,8/28/2002,7.0,0.0001114978877012,0.0003329507890157,2.0641504306695424e-05,3.7515961594181135e-05,False,0.234,0.568,0.198
826,55.552555,37.523287,9715.157244,2001-08-10,8/14/2002,40.0,0.000270914111752,0.0011393764289095,1.599728420842439e-05,0.0001542867830721,False,0.8,0.15,0.05
827,104.67945,22.564405,50976.85651,2001-08-14,8/22/2002,4.0,0.0005947623285464,0.0008236441062763,0.0002829748264048,0.0003324771532788,False,0.478,0.466,0.056
828,103.52736,16.772387,371596.2779,2001-08-18,11/26/2002,2.0,0.0005130419158376,0.0009438107372261,0.0002506668097339,0.0005831138696521,False,0.651,0.292,0.057
829,95.753361,22.418744,125461.4211,2001-08-17,9/4/2002,4.0,0.0002562674635555,0.0006359165417961,0.000214598403545,0.0003333194472361,False,0.478,0.466,0.056
830,-72.131113,-35.862785,62183.45648,2001-08-24,8/29/2002,49.0,8.227591024478897e-06,2.1190120605751872e-05,7.728912896709517e-05,9.722104005049914e-05,False,0.742,0.195,0.063
831,128.621321,35.43766,11999.64685,2001-08-31,9/3/2002,8.0,0.0001371630642097,0.0004905801615677,4.425763108883984e-06,1.058548514265567e-05,False,0.102,0.447,0.451
832,133.884674,45.934582,1348.909145,2001-08-28,9/6/2002,,5.513015821634326e-06,2.7285785108688287e-05,2.8503438443294726e-05,2.1630748960888013e-05,False,,,
833,73.220062,21.539107,78978.69922,2001-09-03,9/6/2002,13.0,5.275300645735115e-05,0.0001076895787264,2.293701436428819e-05,4.994958726456389e-05,False,0.269,0.26,0.471
834,4.447589,44.034528,10479.26914,2001-09-08,9/12/2002,22.0,5.281370931697893e-07,6.980273610679433e-06,3.4845063510147156e-06,3.987473064626101e-06,False,0.34,0.3,0.36
835,-96.029696,29.65109,97964.82062,2001-09-06,9/19/2002,49.0,0.0004235599772073,0.0009820915292948,4.808664743904956e-05,0.0002670655085239,False,0.742,0.195,0.063
836,105.175058,18.577824,19984.67672,2001-09-20,9/30/2002,4.0,0.0001541747624287,0.0005271153058856,0.0001898787741083,0.0001538043870823,False,0.478,0.466,0.056
837,19.773795,41.397529,11922.11596,2001-09-21,10/8/2002,49.0,1.9521441572578624e-05,9.152808343060316e-05,8.653527402202599e-06,2.032161137321964e-05,False,0.742,0.195,0.063
838,100.951102,14.974281,139683.9183,2001-09-17,12/2/2002,4.0,0.0001215166557813,0.000533990911208,5.1366063416935503e-05,0.0001366973592666,False,0.478,0.466,0.056
839,-83.979545,22.381538,20039.46687,2001-09-29,10/7/2002,4.0,0.0011614718241617,0.0013219761895015,3.107104930677451e-05,0.0001532121095806,False,0.478,0.466,0.056
840,-89.924261,34.607325,11708.01786,2001-10-10,10/12/2002,31.0,1.6148320355569012e-05,0.0001557877694722,4.5800529733242e-06,2.312816604899126e-06,False,0.003,0.246,0.751
841,-60.10113,-31.071974,283687.6378,2001-10-12,11/2/2002,39.0,3.4823235182557255e-05,0.0001554144691908,4.110316149308346e-05,4.574379636324011e-05,False,0.039,0.764,0.197
842,-57.96164,-31.619618,187542.8548,2001-10-12,11/11/2002,91.0,1.170242376247188e-05,7.159678352763876e-05,7.038246258161962e-05,4.606771472026594e-05,False,0.4,0.37,0.23
843,-150.891253,60.335681,13912.96323,2001-10-24,10/28/2002,68.0,3.798802572418936e-05,7.949980499688536e-05,9.12429895834066e-05,8.526832971256226e-05,False,0.934,0.057,0.009
844,-96.029696,29.65109,106239.3724,2001-10-23,11/13/2002,49.0,1.93713804037543e-05,4.763936885865405e-05,6.041718165761267e-07,1.1781163493651547e-06,False,0.742,0.195,0.063
845,108.878131,14.206227,7902.14137,2001-10-26,10/29/2002,4.0,0.0002260230248793,0.0003424150345381,4.3229490984231234e-05,8.35473692859523e-05,False,0.478,0.466,0.056
846,113.384882,24.269423,7741.036752,2001-10-28,11/2/2002,4.0,0.0001052397274179,0.000270872580586,2.5422428734600544e-05,2.2259446268435568e-05,False,0.478,0.466,0.056
847,172.869147,-43.667295,600.7538154,2001-11-19,11/21/2002,,0.0001090938822017,0.0002974412927869,6.380594186339295e-07,1.846144073169853e-06,False,,,
848,-7.098795,33.109088,40845.92165,2001-11-24,11/29/2002,87.0,2.3533937564934604e-05,0.0001428613904863,1.5920878695396825e-06,1.2268284081073944e-05,False,0.231,0.407,0.362
849,8.642375,45.829287,29901.94559,2001-11-22,12/3/2002,31.0,1.2627670002984814e-05,0.0001225114392582,2.9752918635495007e-05,3.422359804972075e-05,False,0.003,0.246,0.751
850,4.145883,43.730782,1292.702712,2001-12-13,12/14/2002,,0.0,0.0,7.430712230416248e-06,1.32628474602825e-05,False,,,
851,-122.478319,38.939731,44627.03408,2001-12-14,12/24/2002,3.0,0.0003579175681807,0.0010345617774873,5.53134705114644e-05,0.0002188416692661,False,0.181,0.265,0.554
852,100.517101,0.977528,21909.33517,2001-12-15,12/20/2002,4.0,0.0004543167015071,0.0009651654399931,0.0001956241030711,0.0003683815011754,False,0.478,0.466,0.056
853,-92.620622,31.833155,457677.6426,2002-01-01,1/6/2003,4.0,0.0001919803762575,0.0008053175988607,5.7988319895230234e-05,0.000269486423349,False,0.478,0.466,0.056
854,-0.543564,51.264587,48599.81016,2002-01-01,1/6/2003,31.0,0.0001298186107305,0.0003423912858124,2.825352748914156e-05,4.6361943532247096e-05,False,0.003,0.246,0.751
855,38.874709,-14.766118,410708.5406,2002-01-01,2/17/2003,50.0,0.0003894165856763,0.0010080883512273,4.257127511664294e-05,0.0002905826258938,False,0.91,0.03,0.06
856,-64.944989,-16.48569,19475.49734,2002-01-03,1/8/2003,7.0,0.000519361870829,0.0007947135600261,0.000174975284608,0.0002543370064813,False,0.234,0.568,0.198
857,113.005128,-2.428747,9362.832734,2002-01-14,2/6/2003,,0.000228574979701,0.0004910337738692,0.0002730326377786,0.0001287075137952,False,,,
858,-60.978623,-29.455848,60476.41606,2002-01-13,1/31/2003,79.0,4.430979970493354e-06,3.947143704863265e-05,6.291693352977745e-06,6.284617029450601e-06,False,0.1,0.52,0.38
859,102.893883,2.467598,2994.312727,2002-01-20,2/10/2003,,0.0002865399292204,0.0008331178105436,6.766318983864039e-05,0.0001281179720535,False,,,
860,-2.498648,57.049015,292.0037295,2002-01-22,1/23/2003,,0.0002166753984056,0.0003991333651356,3.2697931601433083e-05,1.84526143129915e-05,False,,,
861,139.396536,-17.930109,166298.581,2002-01-22,3/6/2003,40.0,3.23527492582798e-05,0.0001260908466065,7.033378324194928e-07,1.618184342078166e-06,False,0.8,0.15,0.05
862,-70.432286,-13.374411,78942.02339,2002-01-23,2/10/2003,4.0,0.0003886208869516,0.0007135478081181,0.0001829607062973,0.0002105721359839,False,0.478,0.466,0.056
863,15.920488,41.347305,28756.00203,2002-01-25,1/27/2003,8.0,0.0001143474000855,0.0003808475448749,1.2574770153150894e-05,5.411728852777742e-05,False,0.102,0.447,0.451
864,118.21192,-22.496397,294622.2614,2002-01-26,2/4/2003,52.0,2.528063669160474e-05,0.0001761005987646,1.7675171193332065e-07,8.661858714731352e-07,False,0.602,0.118,0.28
865,-69.309972,-15.87345,65370.87813,2002-01-28,2/10/2003,40.0,0.0001842510100686,0.0003874514950439,8.035109931370243e-05,0.0001286056503886,False,0.8,0.15,0.05
866,107.641486,-7.046763,4154.772859,2002-01-30,2/9/2003,,0.0009816114325076,0.0013754048850387,0.0008260589092969,0.0011287512024864,False,,,
867,150.372737,-23.771908,46117.21716,2002-02-05,2/12/2003,92.0,0.0001711441291263,0.0005894445930607,3.688043079819181e-06,4.399325916892849e-05,False,0.45,0.17,0.38
868,146.722097,-22.278126,40587.43977,2002-02-11,2/14/2003,92.0,9.41131247600424e-07,2.811509875755291e-05,5.017226190062729e-09,1.527241124676948e-07,False,0.45,0.17,0.38
869,107.603981,-6.973194,401.2240652,2002-02-16,2/17/2003,,0.0004666617023758,0.0010150526650249,0.0003931669634766,0.0004975846968591,False,,,
870,68.067654,27.524729,433469.9446,2002-02-16,2/22/2003,40.0,1.171560234070057e-05,7.756779814371839e-05,1.087515215658641e-07,8.516183243045816e-07,False,0.8,0.15,0.05
871,21.700514,-12.176378,607286.0062,2002-01-15,7/1/2003,71.0,0.0002412163157714,0.0005823487299494,1.8327453290112317e-05,9.641585347708316e-05,False,0.91,0.025,0.065
872,18.014563,-10.439194,115312.468,2002-02-06,2/20/2003,72.0,0.0004304052272345,0.0006944692577235,0.0001324777986155,0.000207849239814,False,0.87,0.04,0.09
873,-90.065158,31.463349,785574.9401,2002-02-22,3/17/2003,4.0,0.0001825584331527,0.0007682544528506,2.7624599169939756e-05,0.0001178754610009,False,0.478,0.466,0.056
874,-1.165927,43.302177,106247.983,2002-02-05,2/13/2003,8.0,0.0001519017241662,0.0005056563531979,1.1113123036921024e-05,4.795815402758308e-05,False,0.102,0.447,0.451
875,138.397895,-29.212829,1260590.177,2002-02-22,3/24/2003,86.0,0.0001913868763949,0.000624859414529,2.9372145036177244e-06,4.534948675427586e-05,False,0.105,0.478,0.417
876,22.223743,39.608875,35397.85483,2002-01-27,2/7/2003,74.0,3.998733154730871e-05,0.0001420637272531,1.677943510003388e-05,4.661328421207145e-05,False,0.068,0.708,0.224
877,-50.481932,-11.878068,139112.7861,2002-01-11,4/22/2003,5.0,0.0010528955608606,0.0014561313437297,0.0007134772022254,0.0014007115969434,False,0.76,0.13,0.11
878,26.714824,41.591029,26936.7804,2002-01-17,3/3/2003,49.0,5.502853309735656e-05,0.0001850087865022,1.859484314081783e-06,5.7309757721668575e-06,False,0.742,0.195,0.063
879,28.31203,38.089335,37809.06219,2002-02-04,3/12/2003,8.0,7.865576776566741e-07,4.948293735651532e-06,9.961049727280624e-06,1.6439298633486032e-05,False,0.102,0.447,0.451
880,124.222901,-17.970507,68628.39702,2002-03-02,3/11/2003,86.0,0.0002552075602579,0.0007642788114026,7.5804678090207744e-06,5.113435327075422e-05,False,0.105,0.478,0.417
881,-88.017873,37.41102,32682.00779,2002-02-26,3/7/2003,53.0,0.0001662102877162,0.0005020134849473,5.593536116066389e-05,2.933881478384137e-05,False,0.061,0.867,0.072
882,32.664524,-21.37826,137205.7698,2002-03-05,3/16/2003,71.0,2.0206560293445364e-05,8.858183718984947e-05,1.6370539697163622e-06,7.183834895840846e-06,False,0.91,0.025,0.065
883,-1.035382,41.834366,19395.83205,2002-02-27,3/10/2003,97.0,5.933769898547325e-06,4.3781750719062984e-05,7.09254527464509e-06,3.5644603485707194e-05,False,0.98,0.005,0.015
884,133.126397,-14.085462,338861.6953,2002-03-07,3/17/2003,40.0,0.0002011631586356,0.000724216515664,6.487772770924494e-05,0.000194769934751,False,0.8,0.15,0.05
885,27.689975,-16.066257,22883.25997,2002-03-11,3/15/2003,87.0,9.072331158677116e-05,0.0003216176410205,2.769828597593005e-06,8.398046702495776e-06,False,0.231,0.407,0.362
886,-81.775621,35.151636,269996.8264,2002-03-19,3/31/2003,4.0,0.0002217401779489,0.000687142717652,3.645980541477911e-05,0.0001866756065282,False,0.478,0.466,0.056
887,34.90579,-19.764418,701.5655356,2002-03-26,3/28/2003,,0.0001092210950446,0.0001340014132438,1.9079004687228007e-06,1.982843741643592e-06,False,,,
888,-63.985665,45.104961,13530.4754,2002-03-31,4/3/2003,48.0,0.0001069050558726,0.0003383412258699,5.3269544878276065e-05,4.7663870645919815e-05,False,0.54,0.33,0.13
889,47.192685,40.941743,30866.25921,2002-04-16,6/4/2003,95.0,6.00640669290442e-05,0.0001625312143005,3.2461772207170725e-05,8.957047975854948e-05,False,0.489,0.321,0.19
890,-60.497122,-31.579077,280039.6284,2002-04-28,5/10/2003,39.0,5.5173029977595434e-05,0.0002873298653867,9.644463716540486e-05,0.0001115606064558,False,0.039,0.764,0.197
891,143.695571,-4.402145,24063.21335,2002-04-14,5/4/2003,43.0,0.0004370840033516,0.0007453227299265,0.0002464608114678,0.0003349053149577,False,0.349,0.266,0.385
892,103.543957,-1.503825,13874.72848,2002-05-03,5/6/2003,4.0,0.0003215081815142,0.0006754773203283,0.0001308553037233,0.0002199602895416,False,0.478,0.466,0.056
893,44.63536,5.371116,52987.31324,2002-05-04,5/20/2003,86.0,0.0001809421664802,0.0005761898355558,6.695493084407644e-06,9.902851888909936e-05,False,0.105,0.478,0.417
894,-85.484459,35.214217,313672.7246,2002-05-06,5/14/2003,4.0,0.0002662916667759,0.0008790057036094,8.074181096162647e-05,0.0002211335959145,False,0.478,0.466,0.056
895,90.853814,26.170616,702361.6591,2002-06-11,10/10/2003,8.0,0.0003344223077874,0.0009328885935246,0.0001332446263404,0.0004582823021337,False,0.102,0.447,0.451
896,-82.363306,38.357408,60614.79836,2002-06-13,6/19/2003,7.0,0.0003010299406014,0.000707016850356,5.7708890381036326e-05,9.773176861926912e-05,False,0.234,0.568,0.198
897,91.932656,21.923872,4231.00235,2002-06-19,7/3/2003,,0.000331566989189,0.0005719522596336,2.3767559468979016e-05,0.0001378574088448,False,,,
898,118.401191,28.83099,1540349.441,2002-06-23,7/28/2003,4.0,0.0004101058875676,0.0009154470753856,0.0001608366583241,0.0003721944522112,False,0.478,0.466,0.056
899,124.376833,7.043913,1183.339102,2002-06-25,6/26/2003,,0.0006392978830263,0.0008642664179205,0.0002111762150889,0.0004403299826662,False,,,
900,115.717939,32.51656,126534.387,2002-07-01,8/7/2003,31.0,2.4469236450386234e-05,0.0001500208600191,3.703384936670773e-05,5.882843834115192e-05,False,0.003,0.246,0.751
901,-85.976116,39.788686,150549.9077,2002-07-05,7/21/2003,53.0,2.142628000001423e-05,0.0001609860046301,3.545439903973602e-05,1.107686330215074e-05,False,0.061,0.867,0.072
902,95.503476,20.574716,235095.9021,2002-07-02,9/1/2003,4.0,0.0004789991362486,0.0008784898091107,0.0001840387121774,0.0005002520047128,False,0.478,0.466,0.056
903,72.2101,28.731898,868200.9419,2002-07-15,9/1/2003,71.0,1.861716191342566e-05,9.02712854440324e-05,2.0397335447341902e-06,2.6988545869244263e-05,False,0.91,0.025,0.065
904,124.701838,47.943961,215590.7945,2002-07-27,10/10/2003,38.0,2.101659993059002e-05,0.0001713240635581,4.266984433343168e-06,1.3033860341238324e-05,False,0.033,0.65,0.317
905,20.249655,10.996461,486564.8425,2002-08-03,11/2/2003,87.0,0.0002499899128451,0.0007466574315913,1.7984866644837894e-05,0.0001355563290417,False,0.231,0.407,0.362
906,4.735272,12.394812,138852.9014,2002-08-05,10/12/2003,73.0,0.0001783828629413,0.000600996252615,7.320205440919381e-06,8.271680417237803e-05,False,0.779,0.151,0.07
907,10.012759,12.63425,19628.9663,2002-08-05,10/12/2003,76.0,0.000295069272397,0.0009213291923515,2.8906781608384335e-06,2.3605536625836976e-05,False,0.74,0.16,0.1
908,-12.940183,15.939171,586302.5309,2002-08-09,11/5/2003,40.0,0.0001315523550147,0.0006919912411831,1.6694630176061764e-05,0.0002887279551941,False,0.8,0.15,0.05
909,-3.10202,14.211698,1028149.434,2002-08-10,10/19/2003,50.0,0.0001312839594902,0.0005387073615565,1.3742066585109567e-05,9.805297304410487e-05,False,0.91,0.03,0.06
910,147.481311,-41.693254,3538.664793,2002-08-24,8/27/2003,,2.8050166292814534e-05,0.0001186526860692,7.752356395940296e-06,1.4196353731676936e-05,False,,,
911,107.984942,35.681249,471060.825,2002-08-24,11/12/2003,40.0,0.0002260049950564,0.0009267622372135,4.2027975723613054e-05,0.0002515323576517,False,0.8,0.15,0.05
912,44.369848,44.70018,11776.47384,2002-08-27,8/29/2003,45.0,2.504222948118695e-06,2.5704573999973945e-05,6.567548638258813e-08,3.473567460332561e-07,False,0.528,0.289,0.183
913,103.018185,30.031634,6155.3353,2002-08-26,8/30/2003,,0.0002171838714275,0.0005630542291328,0.0001222093851538,0.0001751685631461,False,,,
914,85.893641,20.625759,117883.616,2002-08-27,10/20/2003,59.0,0.0002380234946031,0.0008023484260775,5.187702481634915e-05,0.0002751784631982,False,0.21,0.15,0.64
915,-86.61734,39.734374,32128.22646,2002-09-01,9/9/2003,53.0,2.680402758414857e-06,2.0173391021671705e-05,1.2215174137963912e-05,3.960715275752591e-06,False,0.061,0.867,0.072
916,7.48686,10.514296,134916.2603,2002-09-05,10/28/2003,50.0,0.0003455927653703,0.0009675692999735,4.045599780511111e-05,0.0001645624433876,False,0.91,0.03,0.06
917,101.592527,17.372818,314895.7046,2002-09-12,10/12/2003,4.0,0.0002564796304795,0.0006677396595478,0.000254027894698,0.0003771205665543,False,0.478,0.466,0.056
918,4.157209,43.723115,731.0570814,2002-09-22,9/23/2003,,5.266291191219352e-05,0.0002556911786086,3.0025839805603027e-06,1.3435907021630555e-05,False,,,
919,11.923531,8.877517,137749.9962,2002-09-22,10/10/2003,50.0,0.0002045150176854,0.000611605879385,7.318260031752288e-05,0.000195456930669,False,0.91,0.03,0.06
920,-99.205473,27.63037,62960.79449,2002-10-12,10/24/2003,49.0,7.836153235984966e-05,0.0003606670652516,1.8275961792824091e-06,1.3073032278043684e-05,False,0.742,0.195,0.063
921,108.846404,14.767484,10631.91675,2002-10-15,10/22/2003,4.0,0.0003365425218362,0.000483732757857,5.785525354440324e-05,8.131707727443427e-05,False,0.478,0.466,0.056
922,99.789967,12.559171,11463.21359,2002-10-17,11/4/2003,4.0,8.69424911797978e-05,0.0003734449855983,3.149988333461806e-05,5.836616765009239e-05,False,0.478,0.466,0.056
923,-53.268681,-29.928802,73221.48566,2002-10-27,10/31/2003,4.0,0.0005627804202958,0.0016976123442873,0.0004051787254866,0.0009597799507901,False,0.478,0.466,0.056
924,-70.982583,19.479425,21413.21214,2002-11-10,11/26/2003,7.0,2.248618329758756e-05,6.650873547187075e-05,4.5966216930537485e-06,7.295493105630157e-06,False,0.234,0.568,0.198
925,-61.685982,-32.712168,297683.2645,2002-11-11,11/13/2003,39.0,0.0002566183102317,0.0008385060355067,3.3741944207577035e-05,0.0001543050166219,False,0.039,0.764,0.197
926,-6.249491,37.091158,13377.32803,2002-11-01,1/18/2004,87.0,8.589084609411657e-05,0.0002426189603284,1.1884089872182813e-06,5.53246036361088e-06,False,0.231,0.407,0.362
927,4.940849,44.821672,86272.34084,2002-12-01,12/10/2003,22.0,0.0001515008771093,0.0003544893697835,4.552049358608201e-05,8.174466347554699e-05,False,0.34,0.3,0.36
928,102.901561,-1.041628,82419.9448,2002-12-10,1/23/2004,4.0,0.000352204660885,0.0007410329999402,0.0001202620842377,0.0003116619773209,False,0.478,0.466,0.056
929,125.765745,8.881978,12916.98655,2002-12-19,1/7/2004,0.0,0.000138554314617,0.0002212023973697,2.299033985764254e-05,4.874322621617466e-05,False,,,
930,-85.387751,38.677006,167998.107,2003-01-04,1/16/2004,53.0,9.852657240116967e-05,0.0002371751324972,5.410692028817721e-05,6.538650632137433e-05,False,0.061,0.867,0.072
931,51.439491,29.466641,87835.80431,2003-01-10,1/19/2004,74.0,2.0199351524752274e-07,2.5134447696473217e-06,1.46210265938862e-06,1.048231661116006e-05,False,0.068,0.708,0.224
932,141.147792,-19.171139,1231895.803,2003-01-14,2/25/2004,86.0,0.0001029108607326,0.0005511083290912,4.944805368722882e-06,9.766167204361408e-05,False,0.105,0.478,0.417
933,32.868116,-25.398999,1308.786822,2003-01-25,2/6/2004,,2.3444990802090615e-05,6.436373223550618e-05,9.280112323040157e-08,3.337081295740063e-07,False,,,
934,147.369055,-41.406343,17758.40156,2003-01-29,2/5/2004,92.0,0.0001851448614615,0.0008194184629246,1.1229183655814268e-05,6.106751970946789e-05,False,0.45,0.17,0.38
935,15.226178,-16.048042,75082.67783,2003-01-27,3/1/2004,25.0,0.0002094162773573,0.0006384677253663,2.4500410290784203e-05,0.0001206885281135,False,0.16,0.08,0.76
936,-3.781964,53.132767,385.6026067,2003-02-03,2/7/2004,,0.0001981650275411,0.000217824941501,8.140890713548288e-05,4.115860065212473e-05,False,,,
937,21.427401,-14.561533,615606.1712,2003-02-01,6/2/2004,71.0,0.0003218142664991,0.0007426926749758,3.950679092667997e-05,0.0001442898792447,False,0.91,0.025,0.065
938,44.642355,-17.482511,176541.4394,2003-01-08,2/20/2004,7.0,0.0005577721749432,0.0012653681915253,0.000225643365411,0.000767417717725,False,0.234,0.568,0.198
939,46.162687,30.840634,150236.8859,2003-01-16,2/25/2004,105.0,0.0001039331109495,0.0004109941946808,7.589538654428907e-06,4.275036189937964e-05,False,0.457,0.273,0.27
940,27.983815,38.156763,23470.39726,2003-01-24,2/14/2004,41.0,0.0002059689286397,0.0004239653062541,2.6366664314991795e-05,5.20695248269476e-05,False,0.396,0.431,0.173
941,125.744039,8.22929,20372.96263,2003-02-11,2/25/2004,4.0,0.000166747966432,0.0003447825438342,8.769399573793635e-05,0.0001536224008304,False,0.478,0.466,0.056
942,108.143784,-6.409578,3685.680804,2003-02-17,2/25/2004,42.0,0.0009047725470736,0.0010361222084611,0.0003099400200881,0.0005819370271638,False,0.174,0.618,0.208
943,-50.481932,-11.878068,139112.7861,2003-02-11,5/5/2004,5.0,0.0001739476283546,0.0004987661959603,8.358462218893692e-05,9.254329779651016e-05,False,0.76,0.13,0.11
944,134.693836,-16.976898,338694.1925,2003-02-18,3/10/2004,86.0,0.0009349242318421,0.0014736815355718,7.389373786281794e-05,0.0003525048086885,False,0.105,0.478,0.417
945,124.624336,-17.94512,42114.99633,2003-02-20,3/7/2004,86.0,4.546233867586125e-06,4.288944910513237e-05,6.184533845043916e-07,8.674763876115321e-07,False,0.105,0.478,0.417
946,-63.676299,-12.852237,209386.975,2003-02-23,4/1/2004,5.0,0.000203380754101,0.0006814663065597,8.134139352478087e-05,0.0002174390101572,False,0.76,0.13,0.11
947,34.557547,-19.186526,3374.3011,2003-03-06,3/19/2004,43.0,0.0008281129994429,0.0014138172846287,4.252736107446253e-05,0.0002207479992648,False,0.349,0.266,0.385
948,-95.963498,37.156236,108613.6246,2003-03-05,3/8/2004,39.0,4.5878146920586005e-05,0.0001537916396046,8.907629307941534e-06,9.289650733990127e-06,False,0.039,0.764,0.197
949,18.025087,45.28903,47165.15917,2003-03-24,4/3/2004,7.0,3.0538183093398175e-09,8.06200830538728e-08,3.12839838443324e-05,2.4189528630813584e-05,False,0.234,0.568,0.198
950,-97.999353,48.162017,30761.92915,2003-03-29,4/11/2004,16.0,8.94444965524599e-05,0.0002851965546142,6.580914941878291e-06,4.236805125401588e-06,False,0.509,0.289,0.202
951,34.484838,53.473921,839987.0041,2003-03-31,5/5/2004,20.0,3.4336921089561656e-05,0.0001301212323596,1.673741098784376e-05,2.3159105694503523e-05,False,0.121,0.735,0.144
952,17.774912,44.866138,104997.2042,2003-04-13,5/2/2004,36.0,0.000139353229315,0.0003157291212119,2.441249307594262e-05,4.8856418288778514e-05,False,0.51,0.217,0.273
953,86.61021,51.975446,264456.0204,2003-04-15,5/16/2004,40.0,5.841622987645678e-05,8.891300240065902e-05,7.64409196563065e-06,7.1619956543145236e-06,False,0.8,0.15,0.05
954,91.694661,24.894242,29066.33632,2003-04-15,5/3/2004,31.0,0.0003753084456548,0.0009738946682773,6.952485273359343e-05,0.0003209864371456,False,0.003,0.246,0.751
955,-93.279256,35.749552,177018.7219,2003-04-25,5/2/2004,39.0,0.0004740961885545,0.0010797287104651,5.231483009993099e-05,0.0001913486630655,False,0.039,0.764,0.197
956,116.827676,-0.527894,14229.48066,2003-05-08,5/11/2004,61.0,0.0002629294758662,0.0005942292627878,0.0001162504122476,0.0001779627054929,False,0.9,0.05,0.05
957,-96.516582,30.845334,7786.590653,2003-05-14,5/15/2004,49.0,0.0002237887674709,0.0007887480314821,7.14391080691712e-06,2.6364457880845293e-05,False,0.742,0.195,0.063
958,-67.795332,7.229665,90256.29128,2003-06-09,10/1/2004,30.0,0.0002483079151716,0.000565072579775,6.626540562137961e-05,0.000175439796294,False,0.3,0.47,0.23
959,-88.719498,43.475162,28979.14228,2003-06-11,6/21/2004,53.0,0.0001659242989262,0.0006165991653688,1.4511843801301438e-05,3.027540515176952e-05,False,0.061,0.867,0.072
960,85.891802,25.498908,1162598.059,2003-06-21,10/7/2004,4.0,0.0007394544663839,0.001278918236494,0.000204090916668,0.0006739988457411,False,0.478,0.466,0.056
961,-84.892717,13.113306,26962.04933,2003-06-25,7/20/2004,3.0,0.0005688333185389,0.0010672736680135,0.0001148392693721,0.0003999030450358,False,0.181,0.265,0.554
962,124.576171,7.377152,2079.619914,2003-06-29,6/30/2004,,0.0005752344732172,0.0013164166593924,0.0002622162865009,0.0008136130054481,False,,,
963,104.833562,28.863679,14994.27169,2003-06-29,6/30/2004,4.0,0.0003010166983585,0.0008164948667399,6.066297282814048e-05,0.0001475204626331,False,0.478,0.466,0.056
964,86.252493,27.086351,65222.23179,2003-07-06,8/11/2004,43.0,0.0007372393156401,0.0013032209826633,0.000601346604526,0.0011708810925483,False,0.349,0.266,0.385
965,110.433067,24.001405,156995.5812,2003-07-15,7/27/2004,1.0,2.492345629434567e-05,7.114079926395789e-05,5.020408207201399e-05,4.108777648070827e-05,False,0.886,0.07,0.044
966,110.828548,27.875808,86023.98597,2003-07-18,7/30/2004,4.0,0.000102185018477,0.000458764436189,0.0001231541245942,9.79617252596654e-05,False,0.478,0.466,0.056
967,124.577333,7.021074,2439.38028,2003-08-01,8/13/2004,,0.0002369172871112,0.0004648964968509,0.0001080197616829,0.000178341375431,False,,,
968,103.073488,15.397299,378045.1229,2003-08-07,10/3/2004,4.0,0.0003273946349509,0.000768213183619,0.0001305726182181,0.0003955793508794,False,0.478,0.466,0.056
969,105.823877,10.317911,47461.894,2003-08-25,10/21/2004,31.0,0.0001125320341088,0.0004311866650823,4.894176163361408e-05,9.331934415968136e-05,False,0.003,0.246,0.751
970,-92.899794,43.372592,15942.10924,2003-09-16,9/19/2004,38.0,2.7449801564216617e-05,0.0001486356195528,6.898823812662158e-06,1.8091432139044628e-06,False,0.033,0.65,0.317
971,89.400194,24.686228,161739.6512,2003-10-08,10/18/2004,31.0,0.0007113185129128,0.0013057858450338,0.0002924751897808,0.000748323102016,False,0.003,0.246,0.751
972,1.223784,6.148203,110.2098684,2003-10-08,11/4/2004,,0.0001473802112741,0.0003740818356163,8.181841621990316e-06,5.690901889465749e-05,False,,,
973,-97.481761,29.99695,107063.0362,2003-11-16,11/29/2004,49.0,7.538240606663749e-05,0.0002885261492338,1.3323340226634173e-06,3.521824055496836e-06,False,0.742,0.195,0.063
974,-57.505862,-26.543492,127493.4425,2003-11-08,12/15/2004,43.0,3.3831153700703e-07,4.870576503890334e-06,4.035028723592404e-06,4.973362138116499e-06,False,0.349,0.266,0.385
975,-72.364885,8.914445,7328.19287,2003-11-21,11/27/2004,33.0,0.0002474483044352,0.0005151511286385,0.0001318711874773,0.0001437011524103,False,0.037,0.259,0.704
976,121.242952,15.17884,39971.51425,2003-11-30,12/22/2004,58.0,3.470977026154287e-05,8.670777606312186e-05,3.462511449470185e-05,3.749197276192717e-05,False,0.16,0.39,0.45
977,-60.665987,-27.1808,3232.166673,2003-12-07,12/10/2004,,2.586179334684857e-06,1.4381645996763837e-05,4.4299909518485947e-07,3.839147098005924e-07,False,,,
978,-89.570347,33.962964,263934.2404,2003-12-08,12/20/2004,53.0,1.3039596069575057e-06,7.724489478277974e-06,8.483027158945333e-06,6.756399216101272e-06,False,0.061,0.867,0.072
979,150.129614,-29.136849,80551.75704,2003-12-09,12/22/2004,86.0,6.113733434176538e-06,3.720903623616323e-05,9.277746926272813e-08,4.410742917571042e-07,False,0.105,0.478,0.417
980,51.70111,28.426123,436702.6179,2003-12-10,1/1/2005,40.0,3.579296503630758e-07,9.819833394431043e-06,2.604318467547273e-07,2.6274049105268205e-06,False,0.8,0.15,0.05
981,101.591644,6.271562,43430.01555,2003-12-11,12/18/2004,4.0,0.001023608027026,0.0011521646520122,0.0001617329544387,0.0005282040219753,False,0.478,0.466,0.056
982,81.314727,7.938183,23455.77147,2003-12-12,12/23/2004,49.0,6.857106927782297e-05,8.937784878071398e-05,1.3450845472107176e-05,3.131119592580944e-05,False,0.742,0.195,0.063
983,-85.352387,38.210619,285908.878,2004-01-06,2/1/2005,53.0,0.0003652729210443,0.0007842580671422,0.0001005547455861,0.0002415080234641,False,0.061,0.867,0.072
984,104.432036,-3.903543,78150.96899,2004-01-12,2/10/2005,42.0,0.0004360113816801,0.0009207188850268,0.0001684759481577,0.0003788145841099,False,0.174,0.618,0.208
985,-58.038278,6.60784,2339.479485,2004-01-16,2/25/2005,,0.0001492977171437,0.0002534398226998,4.0564933442510664e-05,3.9493410440627486e-05,False,,,
986,17.166651,-10.734049,118198.3828,2004-01-28,3/28/2005,28.0,0.0003201854997314,0.0008211555541492,8.55900943861343e-05,0.0002824360562954,False,0.15,0.1,0.75
987,-72.964625,7.588343,43716.56745,2004-02-12,2/26/2005,40.0,3.909808583557606e-05,0.0001481222134316,3.4860200685216114e-05,6.22663865215145e-05,False,0.8,0.15,0.05
988,26.418711,41.428248,7609.482823,2004-02-18,3/24/2005,49.0,4.205438926874194e-06,1.7090540495701134e-05,1.356312282041472e-06,2.0088393739570165e-06,False,0.742,0.195,0.063
989,107.602907,-6.958962,892.0501369,2004-02-20,2/25/2005,,0.0006357266101986,0.001137128798291,0.000412595225498,0.00067733542528,False,,,
990,61.854599,30.738361,275339.7844,2004-03-05,4/5/2005,99.0,1.4846456224404392e-06,1.383732433168916e-05,2.1390146685007494e-06,1.6374257029383443e-05,False,0.963,0.016,0.021
991,48.283399,-17.759816,16367.38558,2004-03-02,3/15/2005,25.0,0.0005546854808926,0.0010498845949769,0.000207442237297,0.0004913805751129,False,0.16,0.08,0.76
992,3.953441,24.211993,436815.4439,2004-03-06,3/9/2005,40.0,2.9836073736078106e-06,2.699832657526713e-05,1.6740811403792577e-08,1.896580243965218e-07,False,0.8,0.15,0.05
993,46.294021,32.958879,260716.357,2004-03-13,3/25/2005,105.0,1.865691228886135e-05,0.0001058289053617,1.0384329470980448e-05,4.76452405564487e-05,False,0.457,0.273,0.27
994,31.114588,-10.587124,122632.4296,2004-03-01,4/1/2005,25.0,0.000199313959456,0.0006333314231596,4.167291263001971e-05,0.0001837199379224,False,0.16,0.08,0.76
995,68.372412,29.518224,75648.02369,2004-03-20,3/24/2005,98.0,1.5183406958385604e-06,1.8922797607956458e-05,1.6015339099340056e-07,1.6047528106355458e-06,False,0.76,0.09,0.15
996,21.212857,45.6965,58909.96198,2004-04-18,6/4/2005,36.0,5.949857586529106e-05,0.0001455536839785,1.834057002270129e-05,2.298485196661204e-05,False,0.51,0.217,0.273
997,43.286087,6.272302,336115.1908,2004-04-23,6/14/2005,74.0,5.359463466447778e-05,0.0002462086849845,1.222515493282117e-06,2.6369312763563357e-05,False,0.068,0.708,0.224
998,41.55217,42.648654,1515482.222,2004-04-25,5/30/2005,20.0,5.183546818443574e-05,0.0002039816172327,1.4887839824950788e-05,4.856172381551005e-05,False,0.121,0.735,0.144
999,91.64239,24.598004,12730.18077,2004-05-25,5/28/2005,31.0,0.0009950952371582,0.0013465308584272,0.0006018616259098,0.0010892318096011,False,0.003,0.246,0.751
1000,129.266053,44.319638,2332.118731,2004-06-10,6/12/2005,37.0,8.002916729310527e-06,5.826856431667693e-05,3.496474619169021e-06,3.0555167995771626e-06,False,0.016,0.7,0.284
1001,120.344936,22.802656,3446.401107,2004-06-11,6/17/2005,31.0,0.000137137598358,0.0004557267529889,3.0412304113269784e-05,0.0001602486008778,False,0.003,0.246,0.751
1002,89.11453,25.961407,15321.95755,2004-06-23,6/30/2005,43.0,0.0010597890941426,0.0015804645372554,0.0006098159938119,0.0009801794076338,False,0.349,0.266,0.385
1003,73.07388,21.43303,73780.96843,2004-06-28,7/15/2005,8.0,6.286067946348339e-05,0.0001120559609262,7.040787295409245e-07,3.628878630479449e-06,False,0.102,0.447,0.451
1004,153.288976,-28.519498,7891.306167,2004-06-30,7/3/2005,58.0,7.755962627697954e-08,1.2417245898177498e-06,4.371743216324831e-07,6.47151409793878e-07,False,0.16,0.39,0.45
1005,103.519078,30.676575,69402.58211,2004-06-28,7/19/2005,40.0,0.0004032816796097,0.0008016959764063,0.0001231327769346,0.0002434166381135,False,0.8,0.15,0.05
1006,126.498861,39.728164,2586.855961,2004-06-30,7/2/2005,40.0,0.0001644521107664,0.0006536314613185,2.792560371744912e-05,8.910366159398109e-05,False,0.8,0.15,0.05
1007,80.199902,24.128785,55740.23151,2004-07-02,7/15/2005,49.0,0.0001178051461465,0.0005294072325341,1.914827043947298e-05,0.0001705963077256,False,0.742,0.195,0.063
1008,125.500543,44.562689,275029.3101,2004-07-01,8/12/2005,38.0,0.0001924818061525,0.0007177423685789,2.77637445833534e-05,0.000198594701942,False,0.033,0.65,0.317
1009,73.563738,30.922991,433454.6346,2004-07-05,8/14/2005,98.0,9.272013994632287e-05,0.0003848340711556,1.2135483302699868e-05,0.0001030596904456,False,0.76,0.09,0.15
1010,87.012599,27.436259,823461.8752,2004-07-07,7/27/2005,8.0,0.0008959835977293,0.0016013206914067,0.0004554894985631,0.0012938978616148,False,0.102,0.447,0.451
1011,27.862878,45.764753,40036.82302,2004-07-12,7/28/2005,17.0,0.0001976380881387,0.0006635817117057,4.130248271394521e-06,2.191408202634193e-05,False,0.61,0.208,0.182
1012,115.759987,32.605462,101854.3218,2004-07-10,7/18/2005,31.0,0.0004444627847988,0.0010763345053419,3.46298620570451e-05,0.0001685002498561,False,0.003,0.246,0.751
1013,79.965416,16.977232,619197.8215,2004-07-23,8/16/2005,49.0,0.0002558873384259,0.0005726881790906,3.543652201187797e-05,0.0001632618659641,False,0.742,0.195,0.063
1014,122.905219,10.409698,1058.184286,2004-07-27,7/30/2005,,0.0004864081274718,0.0011774902231991,0.0002500311238691,0.0006627905531786,False,,,
1015,99.369102,19.068486,134287.401,2004-08-13,9/26/2005,4.0,0.0003567071689758,0.0007995882187969,0.0002956925309263,0.0005377534544095,False,0.478,0.466,0.056
1016,123.069642,41.858282,85856.93614,2004-08-13,8/20/2005,33.0,0.000183643613127,0.0005516740493476,2.5741359422681853e-05,5.394421896198765e-05,False,0.037,0.259,0.704
1017,-98.657793,18.811618,242699.5099,2004-08-21,8/30/2005,84.0,0.0002939593978226,0.0008592794183641,8.13447404652834e-05,0.0003932527033612,False,0.75,0.21,0.04
1018,83.211491,25.885963,12677.58902,2004-08-26,8/30/2005,8.0,0.0001458244805689,0.0004626107402145,6.91840032231994e-05,0.0001082298840628,False,0.102,0.447,0.451
1019,147.09513,-41.553605,8209.306482,2004-08-30,9/3/2005,92.0,1.6013374988688156e-05,6.151455454528332e-05,3.730027674464509e-05,5.442084511741996e-05,False,0.45,0.17,0.38
1020,10.905259,10.665559,159497.3748,2004-08-07,9/16/2005,50.0,0.0001166119473055,0.0005007299478165,1.5166742741712367e-05,0.0001179985410999,False,0.91,0.03,0.06
1021,4.186194,44.057063,9814.171678,2004-09-07,9/9/2005,22.0,6.396619028237183e-06,4.9750349717214704e-05,3.1931735975376796e-06,3.645140395747149e-06,False,0.34,0.3,0.36
1022,105.734716,10.707097,154793.7675,2004-09-08,11/1/2005,31.0,0.0002147716586478,0.0006122863269411,7.444591756211594e-05,0.0001550770102767,False,0.003,0.246,0.751
1023,82.538893,21.113878,374448.8473,2004-09-14,9/30/2005,50.0,0.0001452157448511,0.000528247677721,4.0166447433875874e-05,0.0001051144863595,False,0.91,0.03,0.06
1024,120.982766,15.300986,12975.72775,2004-09-15,9/27/2005,,0.0004697937984019,0.0011121603893116,0.0001743468164931,0.000404525140766,False,,,
1025,79.373434,28.197268,308728.7161,2004-09-16,10/5/2005,8.0,0.0002777160261757,0.0009619505144655,7.971053855726495e-05,0.0005177717539481,False,0.102,0.447,0.451
1026,27.383339,44.584831,29372.69758,2004-09-21,10/9/2005,38.0,8.372244906240667e-07,1.0991451745212544e-05,1.6450743487439468e-06,3.128263642793172e-06,False,0.033,0.65,0.317
1027,73.473279,21.713895,53194.83438,2004-09-22,10/11/2005,8.0,0.0001174064891529,0.000338631827617,3.6370212910696864e-05,4.902447835775092e-05,False,0.102,0.447,0.451
1028,80.547593,29.293795,8032.64816,2004-09-25,10/2/2005,7.0,3.55839729309082e-05,0.0001055788670782,8.003346738405526e-05,4.9871985538629815e-05,False,0.234,0.568,0.198
1029,-11.983202,17.04635,147088.3388,2004-09-27,10/7/2005,40.0,7.7844715633546e-06,0.0001564013509778,4.050327362392636e-08,9.490647698839894e-07,False,0.8,0.15,0.05
1030,109.423486,32.868636,29516.96275,2004-09-29,10/6/2005,40.0,0.0003445682232268,0.0008349188137799,0.0001370058598695,0.0004597086226567,False,0.8,0.15,0.05
1031,109.083621,34.507343,12375.9329,2004-10-03,10/6/2005,6.0,3.0958290153648704e-07,5.437286290543852e-06,4.796337634616066e-06,9.236350706487428e-06,False,0.288,0.582,0.13
1032,88.977022,25.640627,22573.98105,2004-10-03,10/22/2005,31.0,0.0002518442634027,0.0005136261461302,0.0001916448381962,6.761663098586723e-05,False,0.003,0.246,0.751
1033,106.82035,17.12569,8374.026475,2004-10-07,10/11/2005,4.0,5.30980687472038e-05,0.0001184268548968,3.2418702176073566e-05,4.7970053856261075e-05,False,0.478,0.466,0.056
1034,87.934687,21.940907,29111.38372,2004-10-21,10/28/2005,50.0,9.798256428439345e-08,1.2421591009115218e-06,8.18997505120933e-05,6.404306623153389e-05,False,0.91,0.03,0.06
1035,78.731712,11.780352,131307.9946,2004-10-23,12/9/2005,49.0,0.0002273541031172,0.0004379895690362,2.110463537974283e-05,0.0001199483522213,False,0.742,0.195,0.063
1036,-75.310967,8.521163,115246.5207,2004-09-15,12/16/2005,53.0,0.0004506039840634,0.0010608423035591,0.0002493135107215,0.0006908713839948,False,0.061,0.867,0.072
1037,100.124152,7.204666,70520.88236,2004-11-23,1/12/2006,4.0,2.596862213977147e-05,6.61403319099918e-05,1.377403077640338e-05,3.09401293634437e-05,False,0.478,0.466,0.056
1038,37.168911,-17.236452,224148.1621,2004-12-22,2/7/2006,50.0,7.784138870192692e-05,0.0003878662246279,4.705635546997655e-06,6.809186015743762e-05,False,0.91,0.03,0.06
1039,-121.099329,39.493964,140515.0289,2004-12-31,1/18/2006,4.0,0.0007194174686446,0.0009320368990302,4.521637310972437e-05,0.0001690500357653,False,0.478,0.466,0.056
1040,108.21491,-6.381345,912.7636477,2005-01-08,1/12/2006,,0.0004913310403935,0.0008948459289968,9.781660628505052e-05,0.0003213020681869,False,,,
1041,-58.662739,6.891823,24216.56068,2005-01-08,2/14/2006,25.0,0.00068895338336,0.0010919818887487,7.428524986607954e-05,0.0003221417719032,False,0.16,0.08,0.76
1042,121.817032,17.01728,63468.41399,2005-01-26,2/5/2006,58.0,1.661889473325573e-05,5.618995419354178e-05,2.50108332693344e-05,3.738315717782825e-05,False,0.16,0.39,0.45
1043,-63.425614,-16.033438,955843.2016,2005-01-25,4/17/2006,40.0,0.0003616127942223,0.0009679188951849,8.818380592856556e-05,0.0004388233355712,False,0.8,0.15,0.05
1044,108.592918,-6.8528,73074.39473,2005-01-26,2/14/2006,4.0,0.0002071808412438,0.0005153958918526,7.074983295751736e-05,0.0002402565005468,False,0.478,0.466,0.056
1045,102.536205,4.326207,85479.98079,2005-02-10,2/18/2006,4.0,3.1978961487766355e-05,0.0001265311148017,6.4979863054759335e-06,1.3405746358330362e-05,False,0.478,0.466,0.056
1046,-79.980717,-2.231688,61414.57669,2005-02-16,5/6/2006,58.0,0.0004378199519123,0.0007198576931841,0.0002199722512159,0.0005228841328062,False,0.16,0.39,0.45
1047,25.565808,40.895857,19592.42935,2005-03-09,3/25/2006,49.0,0.0001129928641603,0.0002927962050307,2.3394908566842787e-05,5.338414848665707e-05,False,0.742,0.195,0.063
1048,-86.419681,38.254008,6790.156644,2005-03-12,3/22/2006,4.0,5.885870268684812e-05,0.0001465313398512,6.0930462495889515e-05,5.336348294804338e-06,False,0.478,0.466,0.056
1049,-75.597465,5.434769,157985.0915,2005-03-22,6/2/2006,25.0,0.0005135771352797,0.0013141743838787,0.0003008822677657,0.0009071804815903,False,0.16,0.08,0.76
1050,24.826774,-27.439685,2497.425667,2005-03-26,3/30/2006,,0.0002484574215486,0.0006483352626673,3.1408335416927e-06,2.3435788534698077e-05,False,,,
1051,-96.893649,47.00354,15349.56795,2005-03-30,4/25/2006,,1.4451256902248131e-05,7.357387949014083e-05,1.2505010090535508e-05,1.485876964579802e-05,False,,,
1052,-120.675334,37.691104,44107.11379,2005-04-04,4/17/2006,49.0,0.0001239015982719,0.0004408838285598,4.697483018389903e-05,8.224290650105104e-05,False,0.742,0.195,0.063
1053,23.866873,44.497607,144631.4973,2005-04-07,5/24/2006,17.0,7.324635564742721e-09,2.157529195301322e-07,1.1968307262577582e-05,1.654185871302616e-05,False,0.61,0.208,0.182
1054,-96.953115,49.849262,9215.511475,2005-04-11,5/9/2006,61.0,0.000126024504425,0.00027089077048,1.489212354499614e-05,7.527203706558794e-06,False,0.9,0.05,0.05
1055,100.149202,18.18105,78277.05133,2005-05-22,6/11/2006,4.0,0.0002950229390989,0.0008032337063923,3.782175917876884e-05,0.0002033811615547,False,0.478,0.466,0.056
1056,-88.585836,36.962812,17035.90577,2005-05-25,5/28/2006,53.0,7.516282352071357e-08,2.5286451545980526e-06,3.304798883618787e-05,5.943953965470428e-06,False,0.061,0.867,0.072
1057,94.024532,26.599281,185348.837,2005-05-31,7/24/2006,4.0,0.0001620649127289,0.0005096025415696,0.0001383922353852,0.0003303726261947,False,0.478,0.466,0.056
1058,120.107435,-5.166664,3091.851778,2005-06-19,6/23/2006,,0.0001079194553312,0.0004267459444236,1.5193113540590277e-05,4.665888627641834e-05,False,,,
1059,83.671273,25.615074,506577.3098,2005-06-24,8/3/2006,8.0,0.0006168148247525,0.0017244407208636,0.0001493832969572,0.0010199196403846,False,0.102,0.447,0.451
1060,115.489611,-3.285772,23710.13664,2005-06-25,6/29/2006,28.0,0.0002710011322051,0.0007071002037264,6.571117410203442e-05,0.0002103561855619,False,0.15,0.1,0.75
1061,105.730409,28.470782,109599.7625,2005-06-28,7/8/2006,4.0,0.0001168913804576,0.0004816758446395,6.225726247066632e-05,0.0001082639137166,False,0.478,0.466,0.056
1062,71.309729,22.411409,170055.8851,2005-07-04,7/7/2006,86.0,0.000391127570765,0.0008721434278413,3.6357971112011e-05,0.0002140935976058,False,0.105,0.478,0.417
1063,69.948565,33.056169,6984.074283,2005-07-09,7/13/2006,,7.887018728069961e-05,0.0003881233278661,2.2775688194087707e-05,0.0001243815058842,False,,,
1064,128.901206,47.733436,1391.754681,2005-07-11,7/13/2006,,1.2514215995906852e-05,2.9235454348963685e-05,1.724202411423903e-05,5.609440904663643e-06,False,,,
1065,106.524637,50.791203,22757.90082,2005-07-12,7/14/2006,40.0,9.922352182911708e-05,0.0003137222083751,5.50241929886397e-06,2.187363861594349e-05,False,0.8,0.15,0.05
1066,106.588178,39.035519,1726.326928,2005-07-14,7/17/2006,,9.731451427796856e-06,7.208708120742813e-05,3.2004382433115097e-07,3.700452907651197e-06,False,,,
1067,73.199799,34.609786,182706.8618,2005-07-24,8/22/2006,8.0,0.0001490011200075,0.0004815027932636,4.2173276597168297e-05,0.0001237480755662,False,0.102,0.447,0.451
1068,73.824174,20.194292,681019.5605,2005-07-28,9/12/2006,86.0,0.0007342035532929,0.0014391544973477,0.0001889197155833,0.0008628277573734,False,0.105,0.478,0.417
1069,81.52884,18.104598,302774.2702,2005-08-01,9/10/2006,59.0,0.0004609202442225,0.0013363203033804,0.0001734136167215,0.0009554761345498,False,0.21,0.15,0.64
1070,-1.02134,14.421787,2109010.653,2005-08-03,10/11/2006,73.0,8.150411304086447e-05,0.0003950823447667,1.5509391460000188e-06,3.525374268065207e-05,False,0.779,0.151,0.07
1071,106.149356,17.764156,124537.1263,2005-08-12,9/2/2006,4.0,0.0007532916497439,0.0015607263194397,0.0002391631860518,0.0007751146913506,False,0.478,0.466,0.056
1072,104.674574,11.061775,143296.1282,2005-08-10,11/1/2006,31.0,0.0002904887660406,0.0005868725129403,6.746654253220186e-05,0.0001898750342661,False,0.003,0.246,0.751
1073,100.017133,18.76445,213081.2754,2005-08-20,12/13/2006,4.0,0.000411625689594,0.000694808550179,0.0002679035824257,0.0005221462924964,False,0.478,0.466,0.056
1074,34.275807,1.384461,4902.337377,2005-08-12,8/21/2006,26.0,0.0002219707821495,0.0006693608011119,0.0001446455717086,0.0003462603490334,False,0.627,0.032,0.341
1075,81.305997,28.694093,14865.98249,2005-08-26,9/13/2006,7.0,0.0003121365443803,0.0007017715834081,0.0002585799957159,0.0004605027497746,False,0.234,0.568,0.198
1076,45.444397,3.104364,37381.72532,2005-08-24,10/10/2006,86.0,9.27257315197494e-06,2.7417623641667888e-05,2.5485716648177004e-08,1.5170392941854518e-07,False,0.105,0.478,0.417
1077,81.51737,27.585296,32712.75496,2005-08-29,9/4/2006,8.0,6.779297109460458e-05,0.0002382542588748,9.239986684406176e-05,0.0001158796949312,False,0.102,0.447,0.451
1078,102.681828,34.69552,16922.13623,2005-08-30,8/31/2006,40.0,0.0001069734280463,0.0003158285398967,3.4070380934281275e-05,5.509198308573104e-05,False,0.8,0.15,0.05
1079,73.884164,32.886368,141449.1295,2005-08-31,9/11/2006,8.0,1.7619864593143575e-05,0.0001335894048679,1.580218486196827e-05,8.210341911762953e-05,False,0.102,0.447,0.451
1080,89.272707,23.229479,28078.50934,2005-08-24,9/20/2006,29.0,0.0006956728757359,0.0010342014720663,0.0001660762063693,0.0003486529458314,False,0.168,0.456,0.376
1081,-107.038656,24.466242,44308.65137,2005-09-16,9/18/2006,49.0,5.7501143601257354e-05,0.0002344901440665,1.742064159770962e-05,5.387588680605404e-05,False,0.742,0.195,0.063
1082,66.125268,32.74227,21502.28019,2005-11-19,11/21/2006,41.0,2.04017965188541e-06,2.217135261162184e-05,5.668085805154988e-07,2.469966375429067e-06,False,0.396,0.431,0.173
1083,106.735524,10.329669,45657.96362,2005-11-30,12/8/2006,31.0,0.0005338737973943,0.000795895291958,7.043361983960494e-05,0.0002268277457915,False,0.003,0.246,0.751
1084,81.662316,6.844545,6833.390761,2005-12-17,12/20/2006,49.0,0.0003271142777521,0.0006862636655569,7.726548938080668e-05,0.0002656969300005,False,0.742,0.195,0.063
1085,-75.990348,-9.184872,134599.0497,2005-12-26,2/2/2007,4.0,0.0004239924892317,0.0007299253484234,0.0001714258251013,0.0003562744532246,False,0.478,0.466,0.056
1086,125.216707,7.711826,44621.6317,2006-01-10,1/24/2007,4.0,0.0003570289700292,0.0007539024227298,0.0001303424505749,0.0003121512127108,False,0.478,0.466,0.056
1087,80.946642,6.706132,10964.12492,2006-01-12,1/16/2007,49.0,0.0007416274747811,0.000858687038999,0.0001163032211479,0.0003019162977579,False,0.742,0.195,0.063
1088,-61.960201,-16.973776,801034.9806,2006-01-10,5/1/2007,5.0,0.000303675798932,0.0007469170959666,0.0001095524712582,0.0002610786468721,False,0.76,0.13,0.11
1089,69.668198,35.270227,40765.63146,2006-04-17,4/18/2007,40.0,2.3332026103162207e-05,0.0001231452042702,2.0989251424907707e-05,7.087100675562397e-05,False,0.8,0.15,0.05
1090,70.73155,37.006303,27490.2452,2006-04-23,5/4/2007,40.0,2.4548160581616685e-05,0.0001338775182375,5.817217243020423e-05,0.0002125747269019,False,0.8,0.15,0.05
1091,114.779037,-0.860079,40326.98864,2006-05-01,5/25/2007,4.0,0.0002682543708942,0.000638282217551,0.0002225985517725,0.0001954104227479,False,0.478,0.466,0.056
1092,80.082226,6.494672,3336.901961,2006-05-02,5/7/2007,,0.0002472803171258,0.000679652323015,4.378490848466754e-05,0.0002081739366985,False,,,
1093,96.131258,16.908898,15666.6977,2006-05-04,5/9/2007,31.0,6.372362258844078e-05,0.0001568954321555,2.228597395514953e-06,2.9652740067831473e-06,False,0.003,0.246,0.751
1094,-95.238199,40.434191,642775.9055,2006-05-06,5/18/2007,39.0,0.0001394771534251,0.0005673767882399,1.0440507139719555e-05,6.911453237989917e-05,False,0.039,0.764,0.197
1095,-55.802561,-32.765868,104127.8504,2006-05-04,5/25/2007,39.0,2.262828820676077e-05,0.0001205640146508,1.9386413896427257e-06,1.52992004132102e-06,False,0.039,0.764,0.197
1096,100.338679,17.211479,38377.29154,2006-05-11,5/21/2007,4.0,0.0002920769911725,0.0007544142426922,4.347916183178313e-05,0.0002231573016615,False,0.478,0.466,0.056
1097,39.762126,-3.59393,13866.05353,2006-05-15,6/14/2007,,0.0001196072043967,0.0002608900540508,1.497566728403399e-07,8.894666621017677e-07,False,,,
1098,105.414298,26.870875,3206.709682,2006-05-20,5/21/2007,,8.443163096671924e-06,4.397255906951614e-05,1.4364512026077136e-05,5.096456334285904e-06,False,,,
1099,-75.426149,7.378356,29773.22093,2006-05-19,6/27/2007,43.0,0.00059875351144,0.0010071690194308,0.0003001787699759,0.0005195116391405,False,0.349,0.266,0.385
1100,116.91957,-0.1883,34345.88697,2006-05-15,6/5/2007,4.0,0.0002624156186357,0.0007211591000668,0.0001963007671292,0.0003281338431406,False,0.478,0.466,0.056
1101,-98.664531,30.24335,341278.411,2006-05-24,5/29/2007,47.0,2.050034709100146e-05,0.0001978652871912,2.6446332412888296e-07,1.4769674407943969e-06,False,0.335,0.385,0.28
1102,107.778235,30.282138,43534.36303,2006-05-24,5/26/2007,4.0,0.0002058708341792,0.0006262483075261,8.372601587325335e-05,0.0001960812660399,False,0.478,0.466,0.056
1103,24.501635,42.523179,34006.0475,2006-05-22,6/6/2007,49.0,5.456232247524895e-05,0.0002605456393212,2.4506141926394776e-05,4.9328293243888766e-05,False,0.742,0.195,0.063
1104,-71.053795,19.547861,13536.46867,2006-05-30,6/3/2007,7.0,0.0002530099882278,0.0008532245410606,2.9016253392910585e-05,0.0001988125004572,False,0.234,0.568,0.198
1105,112.355385,26.292801,1916283.709,2006-06-06,8/17/2007,4.0,0.0003705978160724,0.0008867897558957,0.0001659330009715,0.0005930113256908,False,0.478,0.466,0.056
1106,151.375371,-32.865398,11377.0733,2006-06-08,6/13/2007,8.0,0.0001388635137118,0.0002445844875182,4.373594322260033e-07,8.103049253804784e-07,False,0.102,0.447,0.451
1107,91.953546,22.397464,77805.47623,2006-06-11,6/24/2007,31.0,0.0009066523052752,0.0014144849264994,0.0003028385690413,0.0008776619797572,False,0.003,0.246,0.751
1108,18.578084,-33.327288,9088.144581,2006-06-07,6/16/2007,70.0,0.0,0.0,1.103789699641311e-07,2.4432179657196684e-07,False,0.98,0.02,0.0
1109,-0.759207,52.523207,23106.13087,2006-06-15,6/21/2007,31.0,0.0001368206721963,0.0004485663375817,1.3191875950724352e-05,1.2452526789274998e-05,False,0.003,0.246,0.751
1110,85.862693,26.948499,2704.511477,2006-06-15,6/18/2007,,3.959942114306614e-05,0.0001304898323724,9.620354830985889e-06,3.3742031519068405e-05,False,,,
1111,72.225824,34.97581,12117.22988,2006-06-16,6/20/2007,8.0,5.705016155843623e-05,0.0002276348823215,2.752557884377893e-05,8.138205157592893e-05,False,0.102,0.447,0.451
1112,123.095573,0.617594,1190.201328,2006-06-16,6/20/2007,,0.0001360062160529,0.0004870981501881,0.0001580795942572,0.0002424032572889,False,,,
1113,94.018895,26.255772,74887.52295,2006-06-18,6/26/2007,4.0,0.000280328124063,0.0007103841053321,0.0002753591397777,0.0005669763777405,False,0.478,0.466,0.056
1114,78.161545,14.944966,450564.3553,2006-06-22,7/4/2007,49.0,0.0004838747845496,0.0010450928239151,4.9656056944513693e-05,0.0003054529952351,False,0.742,0.195,0.063
1115,71.140741,35.278159,62335.9131,2006-06-24,7/3/2007,40.0,8.627102943137288e-06,8.541466377209872e-05,8.289511242765002e-06,4.145136699662544e-05,False,0.8,0.15,0.05
1116,-0.913693,53.881359,27719.49521,2006-06-25,7/3/2007,31.0,4.5497559767682105e-05,0.0001411838748026,1.4571503925253635e-05,1.3673099601874128e-05,False,0.003,0.246,0.751
1117,-97.165715,32.836626,507778.2079,2006-06-26,7/23/2007,49.0,3.023062163265422e-05,0.0002151938388124,4.881526933786517e-07,4.329534476710251e-06,False,0.742,0.195,0.063
1118,146.856476,-37.936133,40946.26557,2006-06-27,7/4/2007,49.0,1.4590922546631193e-05,4.334836557973176e-05,1.2689902177953627e-06,2.055465529338107e-06,False,0.742,0.195,0.063
1119,52.20192,33.753477,10410.85836,2006-06-27,6/29/2007,40.0,1.3797371023471783e-09,3.4385088554245164e-08,0.0,0.0,False,0.8,0.15,0.05
1120,71.869938,34.27492,29411.27255,2006-06-28,7/22/2007,8.0,0.0002395953633822,0.0005449146265164,2.8682159609161317e-05,7.187244045780972e-05,False,0.102,0.447,0.451
1121,81.860109,20.053869,248438.8548,2006-06-30,7/13/2007,50.0,0.0006936202407814,0.0013666530139744,8.240401075454429e-05,0.0004558149084914,False,0.91,0.03,0.06
1122,77.523744,21.026348,106578.4413,2006-07-01,7/6/2007,86.0,0.0007674841908738,0.0013411279069259,0.0001943292736541,0.0007986644632183,False,0.105,0.478,0.417
1123,72.24951,22.023056,398939.174,2006-07-01,7/13/2007,86.0,0.0005875609931536,0.0015208147233352,0.0001354375126538,0.000940035097301,False,0.105,0.478,0.417
1124,88.487108,22.63148,517303.1998,2006-07-03,9/22/2007,8.0,0.0002500958798918,0.000689422537107,4.75152482977137e-05,0.0002729568805079,False,0.102,0.447,0.451
1125,33.771445,12.907167,1590906.977,2006-07-03,10/8/2007,86.0,8.153196540661156e-05,0.0004342219908721,1.977759711735416e-05,0.0002162891323678,False,0.105,0.478,0.417
1126,95.317389,18.52419,119073.572,2006-07-06,8/1/2007,31.0,0.0006237864145077,0.000940992613323,0.0003006006299983,0.000626302731689,False,0.003,0.246,0.751
1127,173.92898,-35.805428,13659.31278,2006-07-10,7/13/2007,4.0,1.1239154446229804e-05,2.5392089810338803e-05,4.959290436090669e-06,1.1196171726624016e-05,False,0.478,0.466,0.056
1128,95.262997,27.577302,103551.728,2006-07-12,10/10/2007,4.0,0.0007259155390784,0.0014250334352254,0.0005366068799048,0.0011417930945754,False,0.478,0.466,0.056
1129,88.211962,43.090135,812726.2096,2006-07-14,8/3/2007,98.0,3.379704867256805e-05,0.0001615937508177,7.634196663275361e-06,4.108706343686208e-05,False,0.76,0.09,0.15
1130,100.163684,24.098428,165133.8494,2006-07-18,8/13/2007,1.0,0.0008117489051073,0.0014130413765087,0.0004222248680889,0.0009646693943068,False,0.886,0.07,0.044
1131,91.233643,23.916419,150899.9551,2006-07-21,10/15/2007,31.0,0.0005546621396206,0.0009540627361275,0.0002787668199744,0.0006033835816197,False,0.003,0.246,0.751
1132,-2.101931,52.071957,24651.23015,2006-07-21,7/30/2007,53.0,1.0708401532610878e-05,6.185401434777305e-05,1.2462550330383236e-05,8.687571607879363e-06,False,0.061,0.867,0.072
1133,120.198324,-3.279537,2399.09713,2006-07-25,8/2/2007,,0.0001656867825658,0.0003014056710526,3.76732277800329e-05,7.099146750988439e-05,False,,,
1134,84.080127,27.777213,56920.80672,2006-07-23,10/2/2007,43.0,0.0002546260075177,0.000438860093709,0.0001269400090677,0.000279707921436,False,0.349,0.266,0.385
1135,19.575347,-34.09063,20096.50092,2006-07-27,8/2/2007,70.0,8.00482121121604e-06,5.420188244897872e-05,2.084782835254373e-07,8.100054742499196e-07,False,0.98,0.02,0.0
1136,-4.386466,11.453236,2435.090072,2006-07-28,8/1/2007,51.0,6.704156839987263e-05,0.0001787346263881,5.234032869338989e-07,1.8491194850867032e-06,False,0.153,0.701,0.146
1137,34.499977,8.331411,714220.1853,2006-07-29,10/5/2007,59.0,0.0002705738006625,0.0006963586201891,9.505933849141002e-05,0.0003798676480073,False,0.21,0.15,0.64
1138,108.198166,12.342909,98228.20212,2006-08-03,8/17/2007,4.0,0.0003459969884715,0.0008517578826285,0.0001614808716112,0.0005367714911699,False,0.478,0.466,0.056
1139,86.19782,20.452499,15363.99477,2006-08-03,8/27/2007,43.0,0.0007715170504525,0.0011792962905019,0.0001270719803869,0.0005184390465728,False,0.349,0.266,0.385
1140,11.74837,10.292106,630120.8532,2006-08-04,10/21/2007,50.0,0.0003707112628035,0.0010365665657445,0.000128659143229,0.0005932259373366,False,0.91,0.03,0.06
1141,-11.322438,16.546328,9447.717983,2006-08-07,9/5/2007,71.0,7.341040327446535e-05,0.0003171427524648,2.715322580115753e-07,1.2915443221572789e-06,False,0.91,0.025,0.065
1142,70.925042,22.682373,133805.6977,2006-08-08,8/15/2007,86.0,0.0006717334035784,0.0011320798657834,0.0001911112049128,0.0007874866714701,False,0.105,0.478,0.417
1143,118.71867,36.36925,100076.7949,2006-08-09,8/12/2007,40.0,7.961490337038413e-05,0.0003598118491936,4.404846549732611e-06,4.7931775043252856e-05,False,0.8,0.15,0.05
1144,68.825675,26.019152,190121.7131,2006-08-10,8/13/2007,98.0,0.0002106096217175,0.0007446328527294,1.0261212992190847e-05,0.0001189940303447,False,0.76,0.09,0.15
1145,76.526785,31.238835,191449.9464,2006-08-12,8/17/2007,8.0,0.0001251272915396,0.0003707598370965,6.010308425175026e-05,0.0001834964350564,False,0.102,0.447,0.451
1146,74.338164,35.951294,16541.18433,2006-08-12,8/14/2007,40.0,0.0001755816629156,0.0003306449798401,6.1034588725306094e-05,9.478520951233804e-05,False,0.8,0.15,0.05
1147,0.612005,13.037658,1695464.521,2006-07-26,10/10/2007,73.0,0.0001625394797883,0.0005859269876964,2.4069619030342437e-05,0.0001929542049765,False,0.779,0.151,0.07
1148,15.109633,9.644602,23497.34565,2006-08-09,8/15/2007,40.0,0.0003532151458784,0.0008102075080387,1.545529448776506e-05,8.814626926323399e-05,False,0.8,0.15,0.05
1149,105.882012,13.279945,61577.28897,2006-08-10,8/24/2007,1.0,0.0005476034129969,0.0009508001967333,0.0002601636515464,0.0005837816861458,False,0.886,0.07,0.044
1150,95.17279,16.962415,257818.9266,2006-08-14,10/4/2007,4.0,0.000717302551493,0.0009680290240794,0.0003475544508546,0.0007044622907415,False,0.478,0.466,0.056
1151,34.275893,0.88127,107797.1382,2006-08-15,10/31/2007,25.0,0.0001516253105364,0.0010340039152652,9.841109567787498e-05,0.0008994385134428,False,0.16,0.08,0.76
1152,-94.637911,36.862195,1216616.201,2006-08-16,8/27/2007,39.0,9.476428385823964e-05,0.000498374341987,5.562414116866421e-06,7.147243741201237e-05,False,0.039,0.764,0.197
1153,19.049369,11.543839,454774.5914,2006-08-25,10/1/2007,87.0,0.0003271230962127,0.0009154711151495,4.312012606533244e-05,0.0002356559125473,False,0.231,0.407,0.362
1154,-13.967824,15.474457,167997.6284,2006-08-31,9/20/2007,71.0,0.0002020980900852,0.000901156454347,9.199325177178252e-06,0.0001253547088708,False,0.91,0.025,0.065
1155,45.426922,2.978113,13305.25304,2006-09-01,10/4/2007,86.0,4.8900459660217166e-05,0.0001640300179133,1.1887815531963497e-07,6.141245307844656e-07,False,0.105,0.478,0.417
1156,102.480218,16.81984,299972.4554,2006-09-05,11/10/2007,2.0,0.0001100253648473,0.0004035292658954,0.0001246596657438,0.0001376099389744,False,0.651,0.292,0.057
1157,79.877978,15.706741,90279.7088,2006-09-16,10/7/2007,49.0,0.0006935389246791,0.0012231082655489,5.446132490760647e-05,0.0004577066574711,False,0.742,0.195,0.063
1158,14.032553,46.25748,8410.450033,2006-09-18,9/20/2007,7.0,0.0005644145421683,0.0007592779584228,6.741304969182238e-05,0.0001039021517499,False,0.234,0.568,0.198
1159,86.403285,20.909634,72007.73593,2006-09-22,10/8/2007,50.0,0.0013692372012883,0.0014477677177637,0.0002801537921186,0.0007599958917126,False,0.91,0.03,0.06
1160,5.788494,34.945481,78593.54157,2006-09-21,9/24/2007,99.0,2.1161927179491613e-06,3.4627617424121127e-05,2.297580721233317e-07,1.6115850485221015e-06,False,0.963,0.016,0.021
1161,-52.671442,-30.251602,127363.0852,2006-09-24,10/2/2007,4.0,2.8559839847730473e-05,0.0002007281145779,1.8067208657157607e-05,2.8290573027334176e-05,False,0.478,0.466,0.056
1162,-85.437919,10.984041,82170.13739,2006-10-12,10/26/2007,0.0,0.000641307036858,0.0011550089111551,9.444465104024856e-05,0.0004440767806954,False,,,
1163,93.970474,24.721405,10886.10871,2006-10-17,10/24/2007,,4.323586472310126e-05,0.0001880228810478,6.641374056925997e-05,6.650156865362078e-05,False,,,
1164,105.514427,11.010928,46469.23758,2006-10-20,11/16/2007,31.0,0.0001971366436919,0.0006617110921069,0.0001361038011964,0.000276671431493,False,0.003,0.246,0.751
1165,-74.906313,7.893549,297814.6018,2006-10-01,12/10/2007,43.0,0.0004746131307911,0.0014216245617717,0.0002931558410637,0.0010834418935701,False,0.349,0.266,0.385
1166,15.381497,-4.367631,1949.711396,2006-10-25,10/31/2007,,0.0002451494801789,0.0005074293003417,7.946734513097908e-06,6.3388706621481106e-06,False,,,
1167,123.381184,13.357486,4597.662786,2006-10-27,11/2/2007,53.0,0.0005207845242694,0.0008717356831766,6.795720400987193e-05,0.0002789040736388,False,0.061,0.867,0.072
1168,79.700186,12.725021,76740.36307,2006-10-27,11/1/2007,49.0,0.0007448748219758,0.0009525665664114,2.638766454765573e-05,0.0001384822680847,False,0.742,0.195,0.063
1169,107.359696,16.320817,35110.03305,2006-10-28,11/9/2007,4.0,0.000252434547292,0.0004783364129252,6.971681432332844e-05,0.0001198045501951,False,0.478,0.466,0.056
1170,-92.412998,17.669263,35809.25473,2006-10-28,12/1/2007,31.0,0.0005851576570421,0.0014100783737376,0.0001922682713484,0.0006197764305397,False,0.003,0.246,0.751
1171,3.241937,34.823387,102132.1617,2006-10-30,11/2/2007,99.0,1.6372311506529513e-07,2.95080394607794e-06,5.5483372563003286e-08,2.9159377845644485e-07,False,0.963,0.016,0.021
1172,40.249179,-2.153931,6077.690978,2006-11-21,12/16/2007,71.0,0.0004114104667678,0.0007862736238166,1.3485550880432127e-05,8.346271351911128e-05,False,0.91,0.025,0.065
1173,145.666659,-26.920707,285390.7258,2006-12-01,12/17/2007,100.0,2.231670805485919e-05,0.0001868592371465,1.202078010464902e-07,1.248759303962288e-06,False,0.732,0.216,0.052
1174,34.356451,-19.063406,354570.2536,2006-12-11,1/3/2008,50.0,0.0002810433215927,0.0008096920792013,1.4867429854348302e-05,0.0001240707788383,False,0.91,0.03,0.06
1175,81.39874,7.721921,7953.54747,2006-12-16,1/1/2008,49.0,0.0005631048115901,0.0012484295293688,0.0001339489826932,0.0005109132034704,False,0.742,0.195,0.063
1176,-65.301452,-17.662221,972453.7925,2006-12-15,12/28/2007,40.0,0.0003545217041391,0.0008798026829026,7.682567957090214e-05,0.0003756039368454,False,0.8,0.15,0.05
1177,148.213152,-30.29325,200535.1384,2006-12-22,12/31/2007,86.0,3.433497477089986e-05,0.0002518453111406,8.598199201514944e-07,1.1833568350994028e-05,False,0.105,0.478,0.417
1178,111.332593,-7.54216,50689.87488,2006-12-25,1/3/2008,55.0,0.0005797430058009,0.001235551200807,0.000143707045936,0.0005689815152436,False,0.742,0.195,0.063
1179,106.827557,-6.224835,2178.645251,2007-01-02,1/6/2008,,0.0003528643283061,0.000732863030862,6.34522148175165e-05,0.0001901772047858,False,,,
1180,152.869795,-28.442729,41557.41168,2007-01-03,1/9/2008,58.0,0.0003245288098696,0.0006437295814976,1.5079947843332777e-05,8.369765419047326e-05,False,0.16,0.39,0.45
1181,81.75742,6.905842,1917.825654,2007-01-07,1/16/2008,,3.5407807445153594e-05,6.68120410409756e-05,2.331446739844978e-05,3.801336424658075e-05,False,,,
1182,-47.877655,-24.495664,23022.69388,2007-01-12,1/26/2008,4.0,0.0001347183715552,0.0006239399663172,0.0001144117559306,0.0002023708948399,False,0.478,0.466,0.056
1183,144.558883,-20.398572,649465.5035,2007-01-14,2/1/2008,86.0,0.000151841508341,0.0006039259606041,4.413016995385988e-06,6.652723823208362e-05,False,0.105,0.478,0.417
1184,-1.647855,52.91582,55862.28675,2007-01-15,1/26/2008,31.0,5.573166345129721e-05,0.0002089875924866,7.887947867857292e-05,0.0001156146026914,False,0.003,0.246,0.751
1185,-79.65779,-1.247285,75830.04622,2007-01-30,5/1/2008,58.0,0.0005102785071358,0.0011404942488297,0.0002882512053474,0.0007236937526613,False,0.16,0.39,0.45
1186,-73.012376,-10.111158,709143.7381,2007-02-04,5/7/2008,40.0,0.0002291680575581,0.0006119027966633,0.0001283161836909,0.0002652540279086,False,0.8,0.15,0.05
1187,-86.837365,40.85066,118976.9489,2007-02-06,2/12/2008,53.0,6.589139229618013e-05,0.000251866877079,6.187639519339427e-05,4.309198266128078e-05,False,0.061,0.867,0.072
1188,149.539448,-22.464671,44348.7133,2007-02-13,2/26/2008,92.0,0.0005332645960152,0.0014812931185588,1.705121758277528e-05,0.0001920858485391,False,0.45,0.17,0.38
1189,107.286313,-6.260593,10434.85887,2007-02-14,3/14/2008,4.0,0.0003252732567489,0.0007884199148975,9.954535198630764e-05,0.0003268933214712,False,0.478,0.466,0.056
1190,23.793937,-14.955531,438919.742,2007-02-09,5/1/2008,71.0,0.0004577953077387,0.0008970554335974,0.0001650663325563,0.0002610855153761,False,0.91,0.025,0.065
1191,125.935234,8.535518,41665.93146,2007-02-12,3/12/2008,0.0,0.0001153696794062,0.0002483525313436,8.3971353888046e-05,0.0001183788335765,False,,,
1192,-7.113617,32.110967,23601.104,2007-02-26,2/28/2008,95.0,5.602234523394145e-06,3.238280623918399e-05,2.6701343358581653e-06,9.517104444967115e-06,False,0.489,0.321,0.19
1193,112.368479,-7.126871,16854.47713,2007-03-02,4/3/2008,87.0,0.0004576851788442,0.0009107352234423,0.0001357274595648,0.0004113662580493,False,0.231,0.407,0.362
1194,-89.152166,36.22662,928709.9196,2007-03-18,5/2/2008,53.0,5.306349703460001e-05,0.0003191233554389,2.0343160940683447e-05,5.76691199967172e-05,False,0.061,0.867,0.072
1195,37.67228,2.826905,21278.67192,2007-03-21,4/2/2008,74.0,0.0002009397721849,0.0006191542488522,3.7166439597058343e-06,2.694820250326302e-05,False,0.068,0.708,0.224
1196,-42.68427,-5.359342,1126557.792,2007-03-31,4/22/2008,72.0,0.0001652981736697,0.0004912480944767,5.55049700778909e-05,0.000204498443054,False,0.87,0.04,0.09
1197,36.457048,-8.546018,15130.83448,2007-04-12,5/16/2008,6.0,0.0003112457343377,0.0005788825801573,5.062809577793814e-05,0.0001022322321659,False,0.288,0.582,0.13
1198,152.547733,-31.891221,998.5812291,2007-04-25,4/27/2008,,0.0001792361290426,0.0002422686957288,1.4189216699378449e-06,1.925986680362257e-06,False,,,
1199,-67.344537,46.35384,25489.81607,2007-04-26,5/7/2008,68.0,1.679799061093945e-05,0.0001295305701205,6.596886669285595e-05,6.131885311333463e-05,False,0.934,0.057,0.009
1200,113.026318,30.865786,43958.61613,2007-05-03,5/5/2008,31.0,5.785232497146353e-05,0.0003518217999953,6.680549176962813e-06,1.6519501514267176e-05,False,0.003,0.246,0.751
1201,-74.070085,6.634685,35530.6321,2007-05-28,5/28/2008,43.0,0.0008265702053904,0.0015276859048753,0.0005417213542386,0.0012616867898032,False,0.349,0.266,0.385
1202,93.754969,26.399977,62279.30327,2007-05-25,5/28/2008,4.0,0.0007547672721557,0.0014649603981524,0.0004560069355648,0.0010480220662429,False,0.478,0.466,0.056
1203,29.870449,-30.912895,47128.08279,2007-06-20,6/22/2008,53.0,1.432787576050032e-05,4.868609175900929e-05,1.214784447256534e-06,3.529288505887962e-06,False,0.061,0.867,0.072
1204,90.120056,25.241123,426531.5373,2007-07-06,7/14/2008,4.0,0.0007992209866642,0.0016699805855751,0.0003922769683413,0.0010206146398559,False,0.478,0.466,0.056
1205,6.15,35.5,76327.64482,2007-07-07,7/11/2008,12.0,2.9255645586090395e-06,3.5119286621920764e-05,1.0459712029842194e-06,2.4599623884569155e-06,False,0.372,0.252,0.376
1206,-98.14869,21.359684,193742.1535,2007-07-16,7/16/2008,84.0,0.0001291744119953,0.0005072480416856,1.364842137263622e-05,0.0001157733640866,False,0.75,0.21,0.04
1207,89.78715,27.49945,283806.1505,2007-07-21,8/8/2008,4.0,0.0011479468084871,0.0017489694291725,0.0007878094911575,0.0014563929289579,False,0.478,0.466,0.056
1208,-151.020483,64.276859,163705.5457,2007-07-31,8/11/2008,30.0,0.0001377250155201,0.0003081871545873,2.497393870726228e-05,6.7568187660072e-05,False,0.3,0.47,0.23
1209,15.454963,9.288888,178993.9094,2007-08-03,8/8/2008,87.0,0.0004180690739303,0.0009988888632506,6.283557740971446e-05,0.0002927535388153,False,0.231,0.407,0.362
1210,81.380061,16.652289,75487.92518,2007-08-06,8/11/2008,49.0,0.0005325590609572,0.0007557490607723,7.936053589219227e-05,0.0003520231111906,False,0.742,0.195,0.063
1211,72.634688,30.738475,165918.2053,2007-08-10,8/20/2008,98.0,0.0001227655448019,0.0004524128162302,6.527966888825176e-06,4.5369244617177173e-05,False,0.76,0.09,0.15
1212,84.923215,26.950613,163725.6514,2007-08-19,9/24/2008,8.0,0.0005715306615456,0.0012105107307434,0.0004234842490404,0.0009894811082631,False,0.102,0.447,0.451
1213,33.314626,7.584802,69636.60334,2007-08-21,8/28/2008,86.0,0.0001416203012922,0.0005407451535575,3.125368311884813e-05,0.0001731559896143,False,0.105,0.478,0.417
1214,18.350292,9.233101,61817.4364,2007-07-21,8/25/2008,51.0,0.0003189845301676,0.0007454049773514,1.253437039849814e-05,8.785408135736361e-05,False,0.153,0.701,0.146
1215,90.210026,25.028785,59248.82211,2007-08-31,9/8/2008,31.0,0.0004349445516709,0.0007047714316286,0.000289351621177,0.0003451654920354,False,0.003,0.246,0.751
1216,94.55033,27.044183,80590.4453,2007-08-31,9/8/2008,4.0,0.0006220621871761,0.0009528479422442,0.0005026232684031,0.0007234116783365,False,0.478,0.466,0.056
1217,84.406372,20.95224,464317.9956,2007-09-23,9/29/2008,50.0,0.0011389221763238,0.0016959959175437,0.0003449953801464,0.000917890924029,False,0.91,0.03,0.06
1218,78.938377,30.521816,168134.5144,2007-09-23,9/29/2008,7.0,5.7095327065326273e-05,0.0002230805257568,3.636250767158344e-05,7.242173160193488e-05,False,0.234,0.568,0.198
1219,103.176582,17.821344,165834.2932,2007-09-12,10/4/2008,4.0,0.0005529520567506,0.0008909872849471,0.0002160321746487,0.0003607913095038,False,0.478,0.466,0.056
1220,41.9,4.0,45128.32556,2007-10-15,10/16/2008,74.0,2.1223753719823435e-05,6.48711429676041e-05,1.367637878502137e-07,7.256070375660784e-07,False,0.068,0.708,0.224
1221,43.05953,0.82945,25490.95668,2007-11-17,11/20/2008,80.0,0.0002175540867028,0.0008551342762075,1.7086109437514096e-05,0.0002605324843898,False,0.585,0.331,0.084
1222,20.903477,-33.011852,76453.89464,2007-11-13,11/17/2008,70.0,5.502649855770869e-06,3.598063995013945e-05,3.360988785061636e-07,1.605963916517794e-06,False,0.98,0.02,0.0
1223,-74.231814,8.998918,195388.1737,2007-12-14,12/14/2008,53.0,0.0002730381675064,0.0006270389421842,0.0001129102456616,0.0003010774962604,False,0.061,0.867,0.072
1224,-58.576642,7.080294,39997.97213,2007-12-14,1/12/2009,62.0,0.001057683955878,0.0012034508399665,0.0001270596549147,0.0004065126122441,False,0.9,0.05,0.05
1225,103.139065,-3.329274,126659.2951,2007-12-27,12/28/2008,4.0,0.0006035427213646,0.0011164783500134,0.0001531944290036,0.0005647272337228,False,0.478,0.466,0.056
1226,34.027698,-22.923757,125967.3084,2007-12-27,1/12/2009,71.0,0.000158713912242,0.0006359140388667,1.4050838217372076e-05,0.000148417399032,False,0.91,0.025,0.065
1227,125.039978,8.447826,36190.06893,2007-12-29,1/19/2009,0.0,0.0007662386051379,0.0020113957580178,0.0002878670929931,0.001046088640578,False,,,
1228,-44.891115,-16.596371,1186390.653,2008-01-09,1/16/2009,25.0,0.0003869224747177,0.0009795004734769,3.312040280434303e-05,0.0002284522925037,False,0.16,0.08,0.76
1229,124.958334,7.121116,17181.28142,2008-01-21,1/27/2009,4.0,0.0003150153206661,0.0007052105502225,0.0001358998270006,0.0002789760183077,False,0.478,0.466,0.056
1230,46.519178,-17.688355,207786.6504,2008-01-27,1/27/2009,71.0,0.0011055659269914,0.0017405088292434,0.0001615508517716,0.0005972596700303,False,0.91,0.025,0.065
1231,122.968272,9.897,8472.925466,2008-02-03,2/12/2009,,2.6926398277282715e-05,5.9979152865707874e-05,3.805077722063288e-05,3.1500054319621995e-05,False,,,
1232,-6.1614,32.655173,188226.8504,2008-02-08,2/9/2009,22.0,5.944395411461301e-07,5.791198418592103e-06,1.0259206817408997e-07,6.983886464695388e-07,False,0.34,0.3,0.36
1233,-70.083294,19.28092,15152.49078,2008-02-02,2/12/2009,6.0,2.808919634844642e-05,6.785884033888578e-05,1.0870883670577314e-05,1.6655976651236415e-05,False,0.288,0.582,0.13
1234,-64.291696,-24.148411,225551.0261,2008-02-08,2/12/2009,100.0,0.0002217149012722,0.0008040382526814,3.216281402274035e-05,0.000129028558149,False,0.732,0.216,0.052
1235,-76.514393,4.36564,72654.15848,2008-02-13,2/16/2009,25.0,0.0005426519783213,0.0011117508402094,0.0003505309286992,0.000903757114429,False,0.16,0.08,0.76
1236,14.147469,-9.840357,61811.58905,2008-02-16,2/17/2009,8.0,7.843857019906864e-05,0.0004272589285392,8.442538273811806e-06,2.4986920834635384e-05,False,0.102,0.447,0.451
1237,-62.617998,-18.759929,167873.5927,2008-02-02,2/16/2009,40.0,0.0003474185068625,0.000732131768018,0.000110097003926,0.0002598812279757,False,0.8,0.15,0.05
1238,16.678415,-17.076028,187933.2715,2008-03-04,3/9/2009,71.0,0.0002570603974163,0.0006760218529962,2.7094429242424667e-05,0.0001614094653632,False,0.91,0.025,0.065
1239,-97.030805,48.249115,39742.01893,2008-03-17,3/19/2009,33.0,1.3236155609774867e-05,5.128697011969052e-05,1.1553506737982389e-05,5.3195817599771544e-05,False,0.037,0.259,0.704
1240,100.730585,-1.20654,44401.17466,2008-03-24,4/20/2009,3.0,0.0002191824605688,0.0005897795781493,0.0001958295470103,0.0002817654167301,False,0.181,0.265,0.554
1241,24.230467,-18.75993,1148027.264,2008-03-27,3/27/2009,71.0,2.1524674593820237e-05,0.0001620251860003,1.1639460353762844e-05,2.8146318072685972e-05,False,0.91,0.025,0.065
1242,-95.515298,29.670077,6812.65307,2008-04-17,4/27/2009,87.0,3.0405938105104724e-06,1.5829087715246715e-05,2.185503717555548e-06,2.4664107058924856e-06,False,0.231,0.407,0.362
1243,-142.302224,65.435109,484756.5354,2008-04-22,5/14/2009,30.0,9.90324861049885e-06,4.283825182938017e-05,6.140631739981472e-05,0.0001883675140561,False,0.3,0.47,0.23
1244,89.086148,22.163962,27819.10592,2008-04-20,5/15/2009,31.0,1.804401790650445e-06,2.6609057385940105e-05,3.606228119679145e-06,2.4715927793295123e-06,False,0.003,0.246,0.751
1245,-88.641921,13.417883,127036.561,2008-06-19,6/22/2009,7.0,0.0001656142703723,0.000448901526397,1.929963764268905e-05,0.0001051568615366,False,0.234,0.568,0.198
1246,23.311965,-16.698427,571677.3179,2008-06-21,6/28/2009,71.0,2.8261869289281097e-08,7.821577696631721e-07,6.7403320826997515e-06,6.379344085871708e-06,False,0.91,0.025,0.065
1247,89.086147,25.256217,49031.88578,2008-07-03,7/6/2009,31.0,0.0007476457394659,0.0013348512584343,0.0004723345628008,0.0009857951663434,False,0.003,0.246,0.751
1248,93.821488,27.481004,128962.301,2008-07-03,7/6/2009,4.0,0.0010819525923579,0.0014857698697596,0.0008353148587048,0.0013269882183521,False,0.478,0.466,0.056
1249,125.366552,7.651799,36975.16308,2008-07-25,8/4/2009,4.0,0.000410176202422,0.0009968710364773,0.0002521706628613,0.0006218063062988,False,0.478,0.466,0.056
1250,94.142952,26.817651,72244.80197,2008-08-18,8/27/2009,43.0,0.0012267591664567,0.001515696523711,0.0010085375979542,0.001428093179129,False,0.349,0.266,0.385
1251,-16.8108,14.576204,8510.685177,2008-08-24,8/26/2009,50.0,0.0002904410939663,0.0008358163177035,9.71187819232e-06,8.64705434651114e-05,False,0.91,0.03,0.06
1252,2.936762,16.454005,4814280.64,2008-08-10,9/2/2009,40.0,0.0001236972020706,0.0006700231460854,2.9019711291766725e-05,0.0003508188819978,False,0.8,0.15,0.05
1253,28.950479,41.089986,3687.103582,2008-09-07,9/10/2009,,7.261359513677236e-08,4.016342529666872e-07,1.3186344460791588e-07,2.9499551601475105e-07,False,,,
1254,-95.31119,18.525716,33560.99082,2008-09-10,9/19/2009,13.0,0.0003507672226987,0.0010355082340538,0.0002147836057702,0.0008145524188876,False,0.269,0.26,0.471
1255,-84.840386,34.364587,225395.0113,2008-09-21,9/28/2009,4.0,3.0036979296710346e-05,0.0001374540443066,1.8446580725139936e-06,2.2772214833821636e-06,False,0.478,0.466,0.056
1256,78.232999,15.708107,309688.8763,2008-09-25,10/12/2009,49.0,0.0001007725077215,0.0003769848553929,3.0092618544586003e-05,7.649582403246313e-05,False,0.742,0.195,0.063
1257,80.763928,29.81192,129718.4231,2008-10-04,10/12/2009,7.0,7.322795136133209e-05,0.0002496913075447,8.061054541030899e-05,0.0001071477818186,False,0.234,0.568,0.198
1258,6.509699,5.543563,53018.48747,2008-10-20,10/26/2009,44.0,0.0003120832552667,0.0011842638486996,0.0002383059327257,0.0006541010225191,False,0.025,0.445,0.53
1259,-56.273697,-25.09294,163340.7666,2008-10-26,10/28/2009,4.0,0.0003369484329596,0.0011672547552734,6.0089805629104376e-05,0.0003535552532412,False,0.478,0.466,0.056
1260,-59.049562,-32.991891,415044.9056,2008-11-14,11/22/2009,39.0,7.947636731842067e-06,0.000129089836264,4.167482984485105e-06,1.416331906511914e-05,False,0.039,0.764,0.197
1261,-56.47781,-31.256979,43485.40642,2008-11-21,12/8/2009,87.0,1.3444621345115593e-06,1.161154250439722e-05,1.1831591109512374e-05,1.6667094314470887e-05,False,0.231,0.407,0.362
1262,149.05823,-30.950818,301378.8458,2009-01-01,1/13/2010,52.0,8.325155795319006e-05,0.0003835224197246,5.060686817159876e-06,5.995250467094593e-05,False,0.602,0.118,0.28
1263,20.082834,41.466448,60173.47485,2009-01-04,1/13/2010,6.0,0.0001951209414983,0.000449768587714,3.198900958523154e-05,9.905334445647895e-05,False,0.288,0.582,0.13
1264,-99.003563,19.943334,122621.4005,2009-01-26,2/13/2010,84.0,6.223741365829483e-06,4.760561932926066e-05,8.318252184835728e-06,1.1141215509269388e-05,False,0.75,0.21,0.04
1265,27.338848,41.160287,87346.16332,2009-02-13,2/20/2010,87.0,0.0002277441381011,0.0004701149882748,1.854199217632413e-05,7.423283386742696e-05,False,0.231,0.407,0.362
1266,147.95605,-26.215529,431681.6308,2009-02-28,3/17/2010,100.0,5.250529284239747e-06,6.961745384614915e-05,3.792742688801809e-07,1.8350265236222183e-06,False,0.732,0.216,0.052
1267,27.736857,-16.091808,85511.57617,2009-03-01,3/17/2010,49.0,0.0001546341372886,0.000622913474217,6.543623021570966e-05,0.0001976104394998,False,0.742,0.195,0.063
1268,-86.379527,32.893941,48982.92781,2009-03-10,3/17/2010,4.0,4.130643446842441e-06,1.654446532484144e-05,1.8621929484652355e-05,2.5233932319679298e-05,False,0.478,0.466,0.056
1269,-78.119123,41.364394,1015176.362,2009-03-10,3/24/2010,7.0,0.0002898196107707,0.0007087369449436,3.659685535239987e-05,0.0001187639427371,False,0.234,0.568,0.198
1270,-74.872978,39.486607,240301.509,2009-03-27,3/31/2010,67.0,0.000118032345199,0.000334908691002,1.6731026335037313e-05,2.9446258849930015e-05,False,0.591,0.365,0.044
1271,89.509928,22.152795,7062.714318,2009-03-27,4/7/2010,31.0,3.561878838809207e-05,0.0001694582460913,5.472084922075737e-06,3.1602442049916135e-06,False,0.003,0.246,0.751
1272,21.715692,43.466699,13989.56558,2009-04-20,4/22/2010,87.0,0.0001351477985735,0.0004301313892938,2.0494562704698183e-05,4.843459464609623e-05,False,0.231,0.407,0.362
1273,91.862265,26.316584,13472.46459,2009-04-18,4/21/2010,4.0,0.0002662891929503,0.0006707700667902,5.216346471570432e-05,0.0002051770861726,False,0.478,0.466,0.056
1274,-75.383247,20.262252,10657.92438,2009-04-17,4/21/2010,23.0,1.2303723451623227e-05,5.420004526968114e-05,2.432449036859907e-06,4.814009571418865e-06,False,0.13,0.14,0.73
1275,23.231189,-18.694176,64627.57603,2009-04-16,4/21/2010,71.0,1.1998844229310637e-07,1.4817529745414504e-06,6.489179668278666e-06,1.545484883536119e-05,False,0.91,0.025,0.065
1276,113.972187,-2.681959,103901.8364,2009-04-16,5/2/2010,3.0,0.0003323112032376,0.0008215140551328,0.0002137015108019,0.0003587932733353,False,0.181,0.265,0.554
1277,44.310369,14.034428,38889.72785,2009-05-05,5/6/2010,98.0,1.6846933021952282e-06,2.7095920813735574e-05,6.070341669328627e-07,2.2754593373974785e-06,False,0.76,0.09,0.15
1278,62.2514,34.383924,65810.90629,2009-05-04,5/14/2010,99.0,0.0002068939356831,0.0005317467730492,2.583676905487664e-05,0.0001176374134956,False,0.963,0.016,0.021
1279,19.644003,49.773614,121758.7973,2009-05-15,5/24/2010,7.0,2.8194495826028287e-05,0.0001397197920596,9.673707609181292e-06,9.686574230727274e-06,False,0.234,0.568,0.198
1280,93.122627,26.638053,23813.35164,2009-05-15,6/26/2010,43.0,0.0003239929210394,0.0007183502893894,0.0001433583529433,0.0003776660887524,False,0.349,0.266,0.385
1281,115.482581,26.444151,234212.7213,2009-05-15,6/28/2010,4.0,7.689322956139222e-05,0.0003889153595082,2.8429096346371807e-05,4.929138231091201e-05,False,0.478,0.466,0.056
1282,79.484382,15.21825,63171.41173,2009-05-18,5/24/2010,49.0,1.683831214904785e-05,0.000140877746162,4.858261490880977e-07,2.052696117971209e-06,False,0.742,0.195,0.063
1283,169.917994,-45.156686,25183.14188,2009-05-25,5/31/2010,7.0,0.0001026513928081,0.0002647665969561,0.0001024537341436,0.0001463138032704,False,0.234,0.568,0.198
1284,-97.789125,49.875668,25787.98903,2009-05-29,5/31/2010,16.0,2.9347762392717417e-05,0.0001333420950686,1.6584441254963167e-05,7.702578841417562e-06,False,0.509,0.289,0.202
1285,125.300141,6.778414,22339.98404,2009-05-29,6/1/2010,4.0,0.0004740488366223,0.0011161792790517,0.0002023723354795,0.0005551554495468,False,0.478,0.466,0.056
1286,19.797084,49.671561,174970.0966,2009-05-29,6/11/2010,67.0,0.0002248790551675,0.000443188851932,9.73628539213678e-06,1.2320379028096797e-05,False,0.591,0.365,0.044
1287,-94.094783,34.577827,12234.55865,2009-06-11,6/11/2010,4.0,5.42626621609088e-05,0.0002264007489429,4.4205899030203e-05,1.6582342141191475e-05,False,0.478,0.466,0.056
1288,6.591342,43.497315,7699.776976,2009-06-16,6/17/2010,7.0,1.636876049815328e-06,1.9213079212931916e-05,4.452599569049198e-06,6.830425718362676e-06,False,0.234,0.568,0.198
1289,94.010494,22.280362,94869.50605,2009-06-15,6/26/2010,11.0,0.000145083933603,0.0004631906049326,1.90230075531872e-05,0.0001092180536943,False,0.75,0.09,0.16
1290,-0.981038,7.93162,150908.1076,2009-06-22,6/26/2010,50.0,0.0002581384615041,0.0007224509608931,2.652067269082181e-05,0.0001489972491981,False,0.91,0.03,0.06
1291,17.704984,43.987173,28641.59743,2009-06-22,6/26/2010,6.0,0.0007794002303853,0.0011895496863871,8.97428544703871e-05,0.0002547133190091,False,0.288,0.582,0.13
1292,72.079166,36.026988,9325.990827,2009-06-22,6/24/2010,40.0,9.870695066638292e-05,0.0003277971700299,0.000209677076782,0.0004222991119604,False,0.8,0.15,0.05
1293,-37.781582,-6.35589,320129.4887,2009-06-22,6/30/2010,49.0,0.0001509217981947,0.0006057339487597,1.5820787666598335e-05,4.014527803519741e-05,False,0.742,0.195,0.063
1294,121.605799,24.949065,1399.49106,2009-06-25,6/27/2010,,0.0001683822920313,0.000545241869986,0.0001012442808132,0.0003594955487642,False,,,
1295,-70.392824,19.254472,15731.60115,2009-06-25,6/27/2010,6.0,0.0001004185687634,0.0005307471146807,4.077684934600256e-05,0.0001950676378328,False,0.288,0.582,0.13
1296,-103.835803,51.865714,86589.82126,2009-07-02,7/6/2010,16.0,8.169102511601523e-05,0.0003090167883783,6.511239462270169e-06,9.384993063576983e-06,False,0.509,0.289,0.202
1297,74.778484,30.18952,147437.2291,2009-07-05,7/15/2010,98.0,6.775750080123544e-05,0.0004026232345495,3.082134071519249e-06,2.328099617443513e-05,False,0.76,0.09,0.15
1298,97.128233,39.486607,396656.6745,2009-07-06,7/13/2010,40.0,0.0001078472123481,0.0003080837777815,1.5803037967998534e-05,5.767955371993594e-05,False,0.8,0.15,0.05
1299,113.171066,28.005572,575176.1594,2009-07-01,7/15/2010,4.0,0.0004874178266618,0.001244782237336,0.0001568764564581,0.0005253828712739,False,0.478,0.466,0.056
1300,90.035505,23.994863,24987.25503,2009-07-01,7/13/2010,31.0,0.0010294419480487,0.0013105721445754,0.0002597132115624,0.0007185332360677,False,0.003,0.246,0.751
1301,115.885692,29.138367,235548.2128,2009-07-07,7/23/2010,4.0,0.0001657857064856,0.0006288326112553,8.128079207381234e-05,0.000161727250088,False,0.478,0.466,0.056
1302,-91.002557,41.058233,214908.2935,2009-07-25,7/25/2010,39.0,0.0001080560759874,0.0006540000322274,2.530199162720237e-05,0.000115829257993,False,0.039,0.764,0.197
1303,111.073863,31.577449,1049485.117,2009-07-23,8/3/2010,4.0,0.0002321320789633,0.0009658259223215,5.507115201908164e-05,0.0004304977192077,False,0.478,0.466,0.056
1304,73.257885,33.363388,129691.6295,2009-07-27,11/15/2010,8.0,0.0002339906350243,0.0008127599139697,4.842772978008725e-05,0.0003736737999133,False,0.102,0.447,0.451
1305,13.995334,51.467705,45883.93516,2009-07-27,8/8/2010,7.0,9.041695011546837e-05,0.0003630718565545,1.091895956051303e-05,2.2764821551390924e-05,False,0.234,0.568,0.198
1306,92.250001,26.234999,12555.80581,2009-09-05,9/17/2010,,0.0007515578763559,0.0014164965832605,0.0003905822522938,0.0005523730651475,False,,,
1307,14.625001,11.384999,38021.98663,2009-08-15,9/17/2010,43.0,0.00012670615979,0.0005344650708138,2.37725271290401e-06,2.829948789440095e-05,False,0.349,0.266,0.385
1308,89.640001,25.424999,7364.903107,2009-09-09,9/30/2010,,0.0008188733481802,0.0016406101640313,0.0005022404948249,0.0009976684814319,False,,,
1309,82.845001,26.729999,38537.95585,2009-09-18,9/30/2010,8.0,4.9920570745598525e-05,0.0001935682812472,7.117661880329251e-05,7.475716120097786e-05,False,0.102,0.447,0.451
1310,-90.179999,44.009999,3873.194603,2009-09-22,9/30/2010,,0.000244866911089,0.000769906095229,7.578730674140388e-06,2.1843210561200976e-05,False,,,
1311,100.350001,14.444999,14080.23252,2009-09-20,9/30/2010,44.0,7.437902968376875e-05,0.0002627890789881,2.404921360721346e-06,1.7694417692837305e-05,False,0.025,0.445,0.53
1312,132.810984,-1.223516,31988.87747,2009-10-02,10/6/2010,24.0,7.603625999763608e-05,0.0002581420121714,7.767898205202073e-05,9.867086919257416e-05,False,0.095,0.29,0.615
1313,91.035001,24.209999,29265.76179,2009-10-01,10/12/2010,31.0,6.322611443465576e-05,0.0002825671108439,0.0001630954939173,9.975839202525094e-05,False,0.003,0.246,0.751
1314,144.270001,-30.555001,21254.70329,2009-10-15,10/19/2010,100.0,4.772156216859003e-07,4.763865490531316e-06,1.3245476937484566e-09,2.3229537404745315e-08,False,0.732,0.216,0.052
1315,102.195001,15.029999,3873.760932,2009-10-10,11/15/2010,,2.522380236769095e-05,5.50102413399145e-05,6.958290441616555e-07,1.107376419895445e-06,False,,,
1316,15.210001,11.204999,8249.260109,2009-10-01,11/5/2010,,0.0001445424277335,0.0006227266858331,1.8704267858993265e-05,0.0001526656124042,False,,,
1317,-0.809999,8.279999,4567.708597,2009-11-05,11/11/2010,,6.796783964091446e-06,3.954338899347931e-05,7.517933681810973e-06,1.1822113265225198e-05,False,,,
1318,-72.960369,4.113507,1140146.223,2009-11-15,12/20/2010,28.0,0.0002791794540826,0.0008350496646016,0.0001163509950856,0.0005198916187509,False,0.15,0.1,0.75
1319,147.387935,-29.83844,832001.3564,2009-11-27,12/20/2010,100.0,7.458472100552171e-05,0.0004048253467772,2.6332279503549216e-06,3.188990740454756e-05,False,0.732,0.216,0.052
1320,-66.938458,9.776458,180760.5297,2009-11-25,12/20/2010,4.0,7.211740739876404e-05,0.0002321532083442,1.0683413165679669e-05,5.019048330723308e-05,False,0.478,0.466,0.056
1321,21.469658,40.106682,27315.31194,2009-12-03,12/17/2010,74.0,0.00042947664042,0.0007292795344255,7.916467438917607e-05,0.0001852353161666,False,0.068,0.708,0.224
1322,125.5658,8.132642,10773.78731,2010-01-01,1/18/2011,4.0,0.0002497326640877,0.0007350778323598,0.0001465706009184,0.0003716997161973,False,0.478,0.466,0.056
1323,-64.041828,-21.090969,85174.87392,2010-01-30,1/31/2011,40.0,0.0001058110137819,0.000370510155335,3.2102750992635265e-05,0.000101664532849,False,0.8,0.15,0.05
1324,80.534153,8.513158,19891.4933,2010-02-01,2/14/2011,49.0,3.4165997931268066e-05,0.0001657119719311,1.3683148608834015e-05,2.754535125859547e-05,False,0.742,0.195,0.063
1325,124.865345,7.095271,44521.72481,2010-02-01,2/4/2011,58.0,0.0001174497447209,0.0005662807379849,4.234402877045795e-05,0.0002340206992812,False,0.16,0.39,0.45
1326,28.078344,-29.502452,19634.42572,2010-02-01,2/16/2011,89.0,0.0002693088026717,0.0008787803235463,3.2083335099741817e-05,0.0001882889337139,False,0.21,0.591,0.199
1327,-65.599682,-16.465923,122139.8357,2010-02-14,2/26/2011,5.0,0.0004450434062164,0.0009218955528922,0.0002608481736388,0.0004560324596241,False,0.76,0.13,0.11
1328,146.657688,-19.789652,457221.4061,2010-03-07,3/28/2011,2.0,1.3232707715360448e-05,9.420923015568404e-05,5.727979441871867e-06,2.3907723516458645e-05,False,0.651,0.292,0.057
1329,147.327051,-41.421667,4650.101341,2010-03-22,3/28/2011,92.0,6.05897766945418e-05,0.0002118598495144,4.779593382409075e-06,1.122204412240535e-05,False,0.45,0.17,0.38
1330,99.277049,8.666488,33575.42711,2010-03-23,4/10/2011,4.0,1.4874768567096908e-05,5.035533831687644e-05,1.1808097042376176e-06,2.1943858428130625e-06,False,0.478,0.466,0.056
1331,-97.21921,48.678802,46208.31987,2009-04-01,5/24/2011,16.0,0.0001895288005471,0.0003642679657787,1.1330861525493674e-05,1.1858373909490185e-05,False,0.509,0.289,0.202
1332,53.673384,51.447982,213195.154,2010-04-01,4/19/2011,45.0,4.38094593846472e-06,5.650088132824749e-05,5.9258463807054795e-06,4.047160837217234e-05,False,0.528,0.289,0.183
1333,-40.119065,-9.679788,288020.184,2010-05-08,5/11/2011,49.0,2.5390676455572248e-05,6.456633127527311e-05,5.950024615231086e-07,1.4200913938111626e-06,False,0.742,0.195,0.063
1334,-73.014084,45.626388,5274.093784,2010-05-04,6/9/2011,,0.0001374191779177,0.0003542718477547,7.081917283358052e-05,1.5580431863781996e-05,False,,,
1335,-99.473227,43.537631,23537.97611,2010-06-04,7/29/2011,45.0,0.0001498261553933,0.0008681137114763,7.078549515426857e-06,8.775846799835563e-05,False,0.528,0.289,0.183
1336,125.208244,8.306337,71700.82554,2010-06-05,6/21/2011,0.0,0.0002237237931694,0.0006139156175777,5.471573967952281e-05,0.0002290709380758,False,,,
1337,89.046349,22.564135,19191.5923,2010-07-21,7/29/2011,31.0,0.0002678292512428,0.0005804750835523,3.400164132472128e-05,0.0001208871253766,False,0.003,0.246,0.751
1338,-52.640299,-30.342984,129795.3547,2010-07-23,7/29/2011,4.0,0.0004736368719022,0.0011008540168404,0.000194632448256,0.0003305338905192,False,0.478,0.466,0.056
1339,102.822185,17.0382,96785.77237,2010-08-05,1/9/2012,4.0,0.0006234592874534,0.0009474442340433,0.0002680138568393,0.0006258888170123,False,0.478,0.466,0.056
1340,105.501152,12.004283,13466.62488,2010-08-10,11/15/2011,2.0,0.0004157752264291,0.0010832038242369,7.44343051337637e-05,0.0003655816544778,False,0.651,0.292,0.057
1341,86.242215,26.375467,40941.50814,2010-08-15,10/2/2011,8.0,0.0005116442916914,0.0008043214911594,0.0001630768092582,0.0003583228099159,False,0.102,0.447,0.451
1342,92.181547,26.589671,50117.37505,2010-08-15,9/8/2011,43.0,0.0006471126107499,0.0009637119947001,0.0004311243246775,0.0006560260662809,False,0.349,0.266,0.385
1343,69.066891,25.012345,32667.16426,2010-08-12,11/1/2011,98.0,9.429715282749385e-05,0.0004069497226737,2.671510856089298e-06,4.341604289948009e-05,False,0.76,0.09,0.15
1344,33.667825,1.660439,37846.34665,2010-08-20,9/8/2011,25.0,9.056863927980884e-05,0.0003572842688299,4.6478755393764e-05,0.0001487305271439,False,0.16,0.08,0.76
1345,73.953105,22.30208,33056.09211,2010-08-25,9/13/2011,8.0,0.000157228889293,0.0003075019922107,2.1907282643951476e-05,4.5314376620808616e-05,False,0.102,0.447,0.451
1346,86.002162,20.651119,27751.686,2010-09-05,10/2/2011,40.0,0.0002374622854404,0.0004841136105824,2.918321843026206e-05,0.0001134016638388,False,0.8,0.15,0.05
1347,27.971908,39.104531,32113.07717,2010-10-08,10/10/2011,53.0,6.013138045091182e-05,0.0001745882909744,2.5746705887286225e-06,7.227350124594523e-06,False,0.061,0.867,0.072
1348,-100.833256,18.280192,311970.5277,2010-10-10,11/1/2011,84.0,2.002116889343597e-05,9.569322719471528e-05,3.6462108255364e-05,6.649130227742717e-05,False,0.75,0.21,0.04
1349,-0.945865,5.584658,9829.517622,2010-10-26,10/29/2011,4.0,0.0002290767879458,0.0007112962775863,5.7900531828636304e-05,0.000189958314877,False,0.478,0.466,0.056
1350,40.167169,2.180851,41010.10795,2010-11-09,11/15/2011,98.0,2.492535895726178e-05,8.710979454917833e-05,8.791548111730664e-08,5.373299245547969e-07,False,0.76,0.09,0.15
1351,34.383649,2.570315,22324.62878,2010-11-09,12/20/2011,27.0,1.9503781004459597e-05,0.0001395738945575,8.043246452871244e-06,1.896363028208725e-05,False,0.28,0.16,0.56
1352,-73.939857,4.640889,57194.29883,2010-11-09,12/22/2011,49.0,0.0008481794502586,0.0011105133453384,0.0004199800896458,0.0006632987060584,False,0.742,0.195,0.063
1353,100.378,1.698541,11294.19453,2010-11-27,11/30/2011,61.0,0.0005165615002624,0.0007410864345729,0.0001763030304573,0.0002675399882718,False,0.9,0.05,0.05
1354,149.372327,-29.458424,45037.95271,2010-11-27,12/22/2011,86.0,3.563196150935255e-05,0.0001520140067441,2.666906482318155e-07,1.2135512861277675e-06,False,0.105,0.478,0.417
1355,30.06063,-29.208414,15384.57223,2010-11-27,12/2/2011,53.0,0.0001480906357755,0.000581435218919,2.7136164135299623e-05,0.0001594100758666,False,0.061,0.867,0.072
1356,36.116761,0.385821,9789.330741,2010-11-29,12/22/2011,76.0,8.371141120733228e-06,3.0382427212316543e-05,1.393235561408801e-05,2.0410989236552268e-05,False,0.74,0.16,0.1
1357,39.037723,-6.917042,5900.638172,2010-12-20,12/22/2011,,3.547955566318706e-05,6.408434273907915e-05,1.7522661721613988e-07,3.304147071503394e-07,False,,,
1358,110.236252,-7.379525,2457.469245,2010-12-18,1/4/2012,,0.0004205223522149,0.0007495537865906,0.0003176313184667,0.0003163162618875,False,,,
1359,99.423816,8.772281,11666.13898,2011-01-01,1/9/2012,4.0,0.0002696572919376,0.0007002808852121,7.254338561324403e-05,0.0001719704014249,False,0.478,0.466,0.056
1360,-43.489292,-19.463714,416574.7119,2011-01-01,1/9/2012,25.0,0.0003655188484117,0.000834128819406,0.0001113544058171,0.0003499051672406,False,0.16,0.08,0.76
1361,178.075692,-17.784045,4927.679444,2011-01-22,2/6/2012,,0.0004202966229058,0.0011110828490927,0.000165794728673,0.0006028768839314,False,,,
1362,146.646094,-21.717611,761154.1145,2011-01-22,3/7/2012,86.0,0.0004354798293206,0.0010758298449218,4.9437734560342506e-05,0.0003502958861645,False,0.105,0.478,0.417
1363,112.50974,-7.482774,7754.356055,2011-01-27,1/29/2012,43.0,0.0004210743354633,0.0007408203673548,0.0001915062894113,0.0003591369604691,False,0.349,0.266,0.385
1364,24.257634,42.55503,47136.83865,2011-02-01,2/6/2012,49.0,8.401274840252881e-07,1.0257951544190291e-05,1.0957394806609956e-05,1.0162299986404832e-05,False,0.742,0.195,0.063
1365,21.005618,39.867742,9250.996919,2011-02-03,2/6/2012,,0.0001092018574126,0.0002276697341585,4.052358781336807e-05,3.312963235657662e-05,False,,,
1366,106.658074,-6.318737,12053.81563,2011-02-12,2/14/2012,4.0,0.0001725200854707,0.0004326526832301,6.06878602411598e-05,9.888168278848752e-05,False,0.478,0.466,0.056
1367,125.264627,8.223924,39825.28289,2011-02-20,2/27/2012,4.0,0.0004196561058051,0.0011522740824148,0.0001869233383331,0.0005005294224247,False,0.478,0.466,0.056
1368,12.807442,9.859668,50438.08646,2011-02-20,2/27/2012,40.0,0.0,0.0,1.560579448778299e-06,3.212939873264986e-06,False,0.8,0.15,0.05
1369,103.415798,-2.585677,194382.9534,2011-02-20,2/27/2012,4.0,0.0001141149332397,0.0004001939378213,5.480384425027296e-05,0.000123307981994,False,0.478,0.466,0.056
1370,8.698624,35.116281,41623.96204,2011-02-25,2/27/2012,12.0,8.829575381241739e-05,0.0002722065837588,3.3633309612923767e-06,2.7588510420173407e-05,False,0.372,0.252,0.376
1371,34.461539,31.458294,594.2513947,2011-03-05,3/7/2012,74.0,8.168044018930233e-08,7.808061468494998e-07,0.0,0.0,False,0.068,0.708,0.224
1372,-79.495063,-0.5987,39793.05691,2011-03-02,3/26/2012,58.0,0.0003818312543444,0.0008643901092,0.0002789745340123,0.0007166056893765,False,0.16,0.39,0.45
1373,123.278367,13.628836,5045.753493,2011-03-27,3/30/2012,53.0,0.0004304324102122,0.0004573048790916,5.490124021889642e-05,9.818079706747084e-05,False,0.061,0.867,0.072
1374,-72.582111,19.443322,35151.92733,2011-04-09,4/26/2012,6.0,3.245863990741782e-05,0.0001160489409812,3.1002693958726013e-06,1.08832909972989e-05,False,0.288,0.582,0.13
1375,36.214118,-2.441234,117773.2181,2011-04-10,4/26/2012,6.0,8.076920494204387e-05,0.0003350264742039,1.4036049833521249e-05,8.641096064820886e-05,False,0.288,0.582,0.13
1376,-59.272208,-23.646697,120344.814,2011-04-06,4/26/2012,47.0,6.03636508458294e-05,0.0002689503016881,4.557250122161349e-06,2.64860391325783e-05,False,0.335,0.385,0.28
1377,-62.022799,-3.649082,127883.4194,2011-05-02,5/7/2012,28.0,0.0004664060834329,0.0010563485557213,0.0003662140807136,0.0007592113688588,False,0.15,0.1,0.75
1378,157.950235,68.00087,22717.12071,2011-05-21,5/29/2012,42.0,1.4348648619488811e-05,2.1744755940744653e-05,1.8207909306511283e-05,7.906938844826072e-05,False,0.174,0.618,0.208
1379,-95.808654,29.578033,24530.66949,2011-07-14,7/16/2012,49.0,4.511958104558289e-05,0.0002616022829897,3.185407138062146e-07,1.5702684095231234e-06,False,0.742,0.195,0.063
1380,82.321565,19.439848,35689.54023,2011-08-04,8/6/2012,50.0,0.0007525839610025,0.0014620854053646,0.0002521307033021,0.0009048778447322,False,0.91,0.03,0.06
1381,-2.593343,55.574626,4260.87917,2011-08-05,8/6/2012,10.0,9.94063593680039e-05,0.000290927971946,1.4941654626454692e-05,1.0550179467827547e-05,False,0.48,0.25,0.27
1382,103.729817,31.160222,107983.9702,2011-08-15,8/20/2012,40.0,8.2708582340274e-05,0.000293558841804,4.455630187294446e-05,5.757684994023293e-05,False,0.8,0.15,0.05
1383,82.796221,20.985523,29689.97677,2011-08-17,8/20/2012,50.0,0.0005821464001201,0.0010332468664273,0.0002672906557563,0.0004939379869028,False,0.91,0.03,0.06
1384,135.556159,34.616699,10669.96735,2011-08-13,8/20/2012,43.0,7.768992509227246e-05,0.0004965006955899,4.847329910262488e-05,8.120244456222281e-05,False,0.349,0.266,0.385
1385,-15.494274,14.462036,79242.6954,2011-08-25,8/29/2012,73.0,0.0005012478213757,0.0011183043243363,4.914954479318112e-05,0.0003440958389546,False,0.779,0.151,0.07
1386,73.522165,35.030504,98264.36344,2011-08-24,8/29/2012,8.0,0.000115343464131,0.000563760055229,5.725967639591545e-05,0.0002935058437287,False,0.102,0.447,0.451
1387,106.115278,37.391616,45130.62691,2011-08-26,8/29/2012,95.0,1.6877858797670342e-05,0.0001068085766746,5.624360710498877e-07,5.263055300019914e-06,False,0.489,0.321,0.19
1388,12.10885,9.301664,96830.55308,2011-08-26,9/26/2012,50.0,0.0004368314403109,0.0015040292637422,0.0001469819253543,0.0008100992417894,False,0.91,0.03,0.06
1389,32.726004,2.656467,57981.45109,2011-08-21,9/7/2012,25.0,0.0001477332261856,0.0004612049087882,5.4326243116520345e-05,0.0002464042336214,False,0.16,0.08,0.76
1390,35.829521,1.366374,18459.6553,2011-08-16,9/7/2012,40.0,0.0004530559526756,0.001794300507754,0.0002372323797317,0.0015727642457932,False,0.8,0.15,0.05
1391,-16.151491,13.409272,4747.32903,2011-09-03,9/7/2012,58.0,0.0001300776202697,0.0004873611615039,9.915584087138996e-06,6.139288598205894e-05,False,0.16,0.39,0.45
1392,76.85692,31.306274,37710.76145,2011-09-17,9/18/2012,8.0,0.0004675787640735,0.0008535888628102,0.0001387649826938,0.0002403197722742,False,0.102,0.447,0.451
1393,68.775576,28.044522,23036.10952,2011-09-11,10/29/2012,98.0,0.0001050041755661,0.000399764656322,3.5677164760272717e-06,4.9996222514892e-05,False,0.76,0.09,0.15
1394,99.640458,17.090901,44011.29537,2011-09-13,9/26/2012,1.0,0.0008977922843769,0.0011733066057786,0.0006171007989905,0.0009011369547806,False,0.886,0.07,0.044
1395,29.585968,9.569418,138743.899,2011-09-08,10/3/2012,87.0,0.0002891715266741,0.0007365273777395,1.3796367966278922e-05,0.0001099762157537,False,0.231,0.407,0.362
1396,44.896686,4.944556,13753.98898,2011-09-23,10/3/2012,74.0,8.38935375213623e-06,7.571075548185036e-05,2.9329269679578832e-08,2.922669750660134e-07,False,0.068,0.708,0.224
1397,2.956491,14.315988,121035.6525,2011-09-16,10/15/2012,73.0,6.487005157396197e-05,0.0002798492787405,3.819112350811338e-07,5.575916475208942e-06,False,0.779,0.151,0.07
1398,20.506625,11.078585,86061.68118,2011-09-16,10/15/2012,87.0,0.0003164030204061,0.0007919703493826,2.656561446201522e-05,0.0001684164308244,False,0.231,0.407,0.362
1399,28.709678,39.509315,15306.6717,2011-12-03,12/4/2012,53.0,1.492008294690095e-07,1.486157088947948e-06,8.158267519320361e-07,8.828235422697617e-07,False,0.061,0.867,0.072
1400,-59.625194,-27.5025,377212.5458,2011-11-21,12/4/2012,45.0,0.0006153779686428,0.0013329087523743,4.4850745325675234e-05,0.000217909051571,False,0.528,0.289,0.183
1401,121.883077,-3.867021,67600.20177,2012-01-04,1/10/2013,4.0,0.0004638437821995,0.0009123339550569,0.0001646807795623,0.0005562169826589,False,0.478,0.466,0.056
1402,125.30844,7.256988,51781.98437,2012-01-05,1/10/2013,4.0,0.0006633488228544,0.0010877681197598,0.0001649275363888,0.0004772984830196,False,0.478,0.466,0.056
1403,-76.457258,-9.282979,318648.9463,2012-01-05,1/10/2013,40.0,0.0003515146090649,0.0007582957041449,0.0001951547892531,0.0004104670952074,False,0.8,0.15,0.05
1404,36.450233,32.839777,29142.9287,2012-01-09,1/10/2013,40.0,9.923842299031094e-05,0.0003538597957231,4.152884685026947e-06,2.1277433916111477e-05,False,0.8,0.15,0.05
1405,106.729879,-6.179453,1746.34032,2012-01-14,1/22/2013,,0.0004608569433912,0.0005542684812098,0.0001520160149084,0.0002200365124735,False,,,
1406,36.51717,0.058024,71113.04818,2012-01-14,1/17/2013,76.0,2.6178515327046625e-05,0.0002104352315654,1.047062050929526e-05,2.9474080292857252e-05,False,0.74,0.16,0.1
1407,32.67733,-24.800608,83155.20769,2012-01-18,3/4/2013,71.0,0.0011632777750492,0.0019800318405032,0.000113337613584,0.0005904044955968,False,0.91,0.025,0.065
1408,25.064564,-20.376563,198590.4775,2012-01-16,2/1/2013,71.0,0.0002244479983346,0.0006822612485848,1.7819205595515086e-06,1.8486780390958305e-05,False,0.91,0.025,0.065
1409,144.477319,-5.887359,245461.5842,2011-12-02,2/12/2013,7.0,0.000562040193472,0.0011805911781266,0.0002454973873682,0.0007511938456445,False,0.234,0.568,0.198
1410,104.265313,-2.41871,4201.505756,2012-02-21,3/4/2013,42.0,0.0005998452543281,0.0009186420938931,0.0001806094951462,0.0003269228327553,False,0.174,0.618,0.208
1411,22.624352,-17.814634,100905.1664,2012-03-01,3/17/2013,71.0,6.490627129096538e-05,0.0002912493946496,1.3681680684385356e-05,2.7299789508106187e-05,False,0.91,0.025,0.065
1412,-97.597746,48.564308,43180.94162,2012-04-27,4/29/2013,16.0,4.4736949348589405e-05,0.000170558138052,6.342761935229646e-06,4.90108232042985e-06,False,0.509,0.289,0.202
1413,43.655301,2.169639,243476.2598,2012-05-01,5/16/2013,74.0,0.0001053097221301,0.0003919639275409,1.391775299453002e-06,3.4520293411333114e-05,False,0.068,0.708,0.224
1414,-57.65355,-24.146038,131222.5205,2012-07-04,7/15/2013,89.0,9.102263902605046e-06,4.985374107491225e-05,3.7050540413474664e-06,9.536563084111547e-06,False,0.21,0.591,0.199
1415,70.637704,32.814392,549425.385,2012-08-01,8/7/2013,40.0,2.5294557417510077e-05,0.0001451785647077,1.1330527740938123e-05,9.628780389903112e-05,False,0.8,0.15,0.05
1416,128.424146,50.004265,102479.2664,2012-08-01,8/7/2013,51.0,6.903830944793299e-05,0.0003252220340073,1.18372481665574e-05,4.908477785647847e-05,False,0.153,0.701,0.146
1417,69.106502,28.740393,462763.0908,2012-08-07,8/21/2013,40.0,6.260759255383164e-05,0.000352382834535,1.7331036588075222e-06,2.7156247597304173e-05,False,0.8,0.15,0.05
1418,130.272429,50.532277,1430155.557,2012-08-07,10/14/2013,40.0,0.0001497472258051,0.0005701499176211,2.602259519335348e-05,9.890607907436788e-05,False,0.8,0.15,0.05
1419,105.083548,12.658027,52283.24687,2012-09-27,10/14/2013,1.0,0.0007137776119634,0.0015406719176098,0.0003120795008726,0.0009810933843255,False,0.886,0.07,0.044
1420,101.693689,13.081862,312091.0009,2012-09-30,10/14/2013,4.0,0.0004552548343781,0.0009251612937077,0.0001579711679369,0.0005792711745016,False,0.478,0.466,0.056
1421,28.824089,7.737242,172574.2604,2012-10-08,10/14/2013,87.0,0.0001592643093317,0.0006225651595741,7.296265721379314e-06,7.704517338424921e-05,False,0.231,0.407,0.362
1422,85.932081,24.717423,102661.1353,2012-10-12,11/10/2013,53.0,7.135704800020903e-05,0.0002811741142068,7.920630014268681e-05,6.196411413839087e-05,False,0.061,0.867,0.072
1423,-98.011079,30.660662,38936.38709,2012-10-31,11/10/2013,45.0,2.1813354678101863e-08,7.665158250347304e-07,2.3156428163861875e-11,1.661302206912296e-09,False,0.528,0.289,0.183
1424,-86.789903,37.559702,16069.91086,2012-12-22,1/4/2014,53.0,0.0001786559878382,0.0005481770494952,5.280429832055233e-06,1.6406993381679058e-05,False,0.061,0.867,0.072
1425,-64.013513,-13.388781,381576.6482,2013-01-10,5/1/2014,5.0,0.0003559412725735,0.0008574108942411,0.0001149389718193,0.0002402159880148,False,0.76,0.13,0.11
1426,150.116713,-26.241474,250162.1226,2013-03-24,3/30/2014,92.0,2.949167537735775e-05,0.0001895980531116,1.1931631888728589e-05,3.1411742384079844e-05,False,0.45,0.17,0.38
1427,38.968923,-7.193015,18498.39235,2013-04-18,5/1/2014,89.0,0.0001905269164126,0.0005914178909733,3.680200507005793e-06,3.866196857416071e-05,False,0.21,0.591,0.199
1428,38.944179,-7.664354,22249.34265,2013-05-10,5/16/2014,89.0,0.0001501133519923,0.0005320833297446,5.606660579360323e-06,6.0166999901412055e-05,False,0.21,0.591,0.199
1429,113.34169,23.265167,45994.29761,2013-05-30,6/10/2014,40.0,0.0002895289799198,0.000791521219071,0.0002326774701941,0.0003662713861558,False,0.8,0.15,0.05
1430,-53.547014,-24.354116,554605.2536,2013-06-03,7/14/2014,27.0,0.0003343816788401,0.0009563144994899,7.494221063097939e-05,0.0003098619345109,False,0.28,0.16,0.56
1431,124.729885,6.771897,15356.3096,2013-06-17,6/25/2014,83.0,0.000408315565437,0.0008495271904394,0.0001980145170819,0.0004403120256029,False,0.272,0.43,0.298
1432,99.738953,19.82582,15921.63198,2013-07-11,7/14/2014,4.0,0.0006519986782222,0.0006737624644301,0.0001697243424132,0.0002750821004156,False,0.478,0.466,0.056
1433,174.068419,-35.698936,8581.237248,2013-07-05,7/14/2014,,0.0005909426836296,0.0013254004297778,9.74778740783222e-05,0.0005107214092276,False,,,
1434,-59.559684,-2.929344,256564.5748,2013-05-22,7/29/2014,28.0,0.0004122030513826,0.000965031038504,0.0002480768307577,0.0004411409026943,False,0.15,0.1,0.75
1435,-58.025587,-32.346689,44866.45705,2013-07-03,7/29/2014,87.0,4.791264984760346e-08,7.476656378457847e-07,2.6528564376349095e-06,2.0755030618602177e-06,False,0.231,0.407,0.362
1436,79.758579,27.385201,107474.388,2013-08-11,9/8/2014,8.0,0.0003099798923358,0.0006719977245666,0.000121196382679,0.0002873905468732,False,0.102,0.447,0.451
1437,86.253746,26.179465,62650.80273,2013-08-14,9/8/2014,8.0,0.0003397570108063,0.0007089870050549,0.0001526898122392,0.0003142559726256,False,0.102,0.447,0.451
1438,6.40648,16.327289,350748.906,2013-08-13,8/19/2014,73.0,0.000143578305142,0.000575115380343,6.464144917117665e-07,6.428540473280009e-06,False,0.779,0.151,0.07
1439,94.654164,27.613202,44290.91197,2013-08-15,9/8/2014,4.0,0.0003437372215557,0.0005989033379592,0.00032107529114,0.0003271036839578,False,0.478,0.466,0.056
1440,90.633346,24.566128,35999.91113,2013-08-20,9/8/2014,31.0,0.0006057743448764,0.0008766705286689,0.0002955040254164,0.0003410410718061,False,0.003,0.246,0.751
1441,75.341864,33.944858,253686.9335,2013-09-01,10/11/2014,8.0,0.000149052546476,0.0004975376650691,6.55644471407868e-05,0.0003039625007659,False,0.102,0.447,0.451
1442,100.456514,16.403907,34449.25294,2013-09-01,9/8/2014,43.0,0.0003408348129596,0.0007591172470711,0.0001095243715099,0.0002543797309044,False,0.349,0.266,0.385
1443,32.906766,6.941732,143087.3061,2013-09-21,10/11/2014,86.0,0.0001567466097185,0.0005627207574434,2.4460163331241347e-05,0.0001415108417859,False,0.105,0.478,0.417
1444,92.489108,26.746527,61894.96575,2013-09-24,10/11/2014,43.0,0.0002615987614262,0.0005535823875106,0.0001834776048781,0.0003093593695666,False,0.349,0.266,0.385
1445,-16.532883,28.278193,7566.974228,2013-10-19,10/22/2014,,1.0995335287589114e-05,4.752471431856975e-05,0.0,0.0,False,,,
1446,45.253771,4.134278,42635.81312,2013-10-24,11/16/2014,74.0,0.0003297744260635,0.0009532091789878,1.670243000262417e-05,0.0001528502616565,False,0.068,0.708,0.224
1447,99.516261,8.024092,31653.07901,2013-11-07,11/16/2014,4.0,0.0001091513186111,0.0002953930816147,3.915527122444473e-05,6.589475378859788e-05,False,0.478,0.466,0.056
1448,27.710632,41.457879,147616.5717,2013-12-04,12/14/2014,49.0,5.879233140149154e-05,0.0001816779549699,3.434319751249859e-06,1.510233687440632e-05,False,0.742,0.195,0.063
1449,-123.100985,39.796732,70255.56081,2013-12-11,12/14/2014,4.0,3.831279173027724e-06,6.131717964308336e-05,1.22296341942274e-06,3.725560873135691e-06,False,0.478,0.466,0.056
1450,80.983382,7.909725,50316.8114,2013-12-20,1/1/2015,49.0,0.0003235884942114,0.0013948109699413,4.395016730995849e-05,0.000360325211659,False,0.742,0.195,0.063
1451,102.163815,4.725076,90680.37691,2013-12-20,1/1/2015,4.0,0.0003458957653492,0.0006615281454287,0.000102616744698,0.0001608949241926,False,0.478,0.466,0.056
1452,127.055774,-19.187214,1519623.452,2014-01-05,1/11/2015,72.0,3.032251879631076e-05,0.0003331477928441,7.121884095795394e-07,1.1761563655454664e-05,False,0.87,0.04,0.09
1453,35.356372,-18.794576,485939.3886,2014-01-01,2/9/2015,50.0,0.0003915183478966,0.0010291510261595,5.142249938216992e-05,0.0003985507064498,False,0.91,0.03,0.06
1454,-63.766078,-16.463788,137629.7107,2014-01-05,2/9/2015,7.0,0.0004808848898392,0.0010512461885809,0.0001442546927137,0.0004354671691544,False,0.234,0.568,0.198
1455,26.597174,41.457083,151104.5167,2014-02-01,2/9/2015,49.0,1.8729877410805784e-05,5.107631659484469e-05,2.0919796952512115e-06,7.722349437244702e-06,False,0.742,0.195,0.063
1456,122.861751,0.686073,18063.44456,2014-02-05,2/9/2015,3.0,2.038798993453383e-05,8.94311087904498e-05,4.25707949034404e-05,4.520736911217682e-05,False,0.181,0.265,0.554
1457,-65.844532,-11.504221,487370.7485,2014-02-20,2/24/2015,4.0,0.0004626558511517,0.0009427871555089,0.0003427490592002,0.0003775314544327,False,0.478,0.466,0.056
1458,-69.803492,19.328489,11588.13007,2014-02-20,2/24/2015,6.0,0.0001023793083732,0.0002445667050778,5.652331765304552e-06,1.138316838478204e-05,False,0.288,0.582,0.13
1459,-86.233174,37.026804,56870.12365,2014-03-10,3/23/2015,4.0,4.744964826386422e-06,3.9508107875008136e-05,4.989020817447454e-05,2.5396795535925776e-05,False,0.478,0.466,0.056
1460,108.399177,-6.55868,7001.532561,2014-03-15,3/23/2015,,0.0003017884155269,0.0006647919071838,0.0001297097624046,0.000286687456537,False,,,
1461,13.681068,-8.816642,10252.78572,2014-03-09,3/23/2015,94.0,0.0001748335344018,0.0007248029578477,2.8255981305846944e-06,4.451183485798538e-05,False,0.335,0.582,0.083
1462,76.405834,33.17674,70287.98058,2014-03-20,3/31/2015,8.0,0.0001262511068489,0.0004318503779359,4.729354986920953e-05,0.0001620009570615,False,0.102,0.447,0.451
1463,47.010559,-18.155697,68755.39461,2014-03-05,4/15/2015,59.0,0.0001032944637699,0.0003732449258677,9.97136376099661e-05,0.0001018347684293,False,0.21,0.15,0.64
1464,79.177106,10.712137,14179.41262,2014-05-17,5/21/2015,43.0,3.762070036827936e-06,5.768409027950838e-05,4.1865167332844067e-08,9.944723160515425e-07,False,0.349,0.266,0.385
1465,81.527738,58.190103,242622.1282,2014-05-15,6/2/2015,32.0,6.945642235223204e-05,0.0002654581621754,4.122859536437318e-05,3.4110958949895576e-05,False,0.961,0.024,0.015
1466,93.874744,26.919545,60437.22961,2014-06-02,6/29/2015,43.0,0.0002121468569384,0.0005748506519012,0.0001229324552696,0.0003072331601288,False,0.349,0.266,0.385
1467,70.764317,21.873364,43781.56328,2014-06-24,6/29/2015,86.0,2.0527304513962008e-05,3.47176865034271e-05,8.100755053419562e-07,1.077323759091087e-06,False,0.105,0.478,0.417
1468,72.27367,34.343166,137039.961,2014-07-15,8/19/2015,40.0,8.088112372206524e-05,0.0003983849310316,4.586258000927046e-05,0.0002028152084676,False,0.8,0.15,0.05
1469,-83.16498,38.388691,44261.07306,2014-07-18,7/21/2015,7.0,5.191343734622933e-05,0.0002056435332633,8.993521078082267e-06,4.493873802857706e-06,False,0.234,0.568,0.198
1470,-58.743148,6.665761,30931.23465,2014-07-16,7/21/2015,4.0,0.0003133793943561,0.0007022519130259,0.0001716714614303,0.0002605203771963,False,0.478,0.466,0.056
1471,-50.750999,-25.568947,690931.3057,2014-07-10,7/21/2015,24.0,0.0001472399017075,0.0004509703430812,5.611170854535885e-05,0.0001102585738408,False,0.095,0.29,0.615
1472,106.86508,20.813733,24336.74249,2014-07-25,8/5/2015,4.0,7.818093581590801e-05,0.0003762636333703,9.288184810429811e-05,0.0001285873004235,False,0.478,0.466,0.056
1473,82.616452,26.20738,629961.6058,2014-07-15,8/19/2015,8.0,0.0005486311856657,0.001034690416418,0.000124757309095,0.0004637568781618,False,0.102,0.447,0.451
1474,95.532558,20.174691,296423.9656,2014-07-15,8/19/2015,4.0,0.0007498115301132,0.000955311988946,0.0002513154176995,0.0005734742735512,False,0.478,0.466,0.056
1475,93.751026,26.894603,69190.14061,2014-08-13,9/11/2015,43.0,0.0016027399105951,0.0023012936580926,0.0012798132374882,0.0020186016336083,False,0.349,0.266,0.385
1476,104.761883,20.566882,192886.7256,2014-09-07,9/11/2015,4.0,0.000126864091726,0.0003682004462461,0.0001470276765758,0.0001796574651962,False,0.478,0.466,0.056
1477,11.528384,9.952668,186816.0203,2014-08-30,9/11/2015,40.0,0.0002868510782718,0.0008332425495609,6.135441071819514e-05,0.000200278853299,False,0.8,0.15,0.05
1478,-53.571757,-29.956828,392899.1874,2014-10-14,10/28/2015,39.0,0.0002314368321094,0.0008026810828596,8.514922228641808e-05,0.0001996147766476,False,0.039,0.764,0.197
1479,30.481903,31.042172,8231.840537,2014-10-24,10/28/2015,,2.343713561003824e-07,2.389376732025994e-06,0.0,0.0,False,,,
1480,-91.082899,35.665762,526834.7579,2014-12-15,1/29/2016,4.0,9.83391291811131e-05,0.0004294542013667,9.36852393351728e-06,7.12648470653221e-05,False,0.478,0.466,0.056
1481,-55.848159,-26.036936,574056.9944,2014-12-01,1/29/2016,89.0,0.0003367761091794,0.0010226193116977,4.454513327800669e-05,0.0002096736425301,False,0.21,0.591,0.199
1482,39.51328,-2.036427,103769.5243,2014-12-01,1/6/2016,50.0,0.0001557798677822,0.0006112575647421,1.297730705118738e-05,0.0003237989149056,False,0.91,0.03,0.06
1483,-43.228975,-22.522713,53196.42224,2015-01-15,1/29/2016,25.0,1.6987445633276366e-05,0.000114196416689,5.5167715800052974e-06,2.2222673578653485e-05,False,0.16,0.08,0.76
1484,35.504833,-4.761681,182022.095,2015-01-14,1/29/2016,1.0,0.0001367887161904,0.0005886633298359,2.146480983356014e-05,0.0003163343353662,False,0.886,0.07,0.044
1485,-56.442003,-17.955485,110514.827,2015-01-05,1/29/2016,89.0,0.0002918579266406,0.0008290202822536,3.254867624491453e-05,0.0001321767631452,False,0.21,0.591,0.199
1486,-79.700891,-0.786333,69541.98251,2015-01-19,1/29/2016,58.0,0.0006968400557525,0.0013948758132755,0.0003975200816057,0.0010285103926435,False,0.16,0.39,0.45
1487,145.712371,-41.858015,30723.28431,2015-01-27,1/29/2016,3.0,0.0001250784407602,0.0003222968371119,2.8567365006892945e-05,3.071235187235288e-05,False,0.181,0.265,0.554
1488,-3.837328,55.183358,14340.10596,2015-01-27,1/29/2016,31.0,9.932327520800754e-05,0.0001980749657377,0.0001024139346554,8.200196316465735e-05,False,0.003,0.246,0.751
1489,103.351503,-2.465434,235818.7827,2015-01-18,3/10/2016,4.0,0.0001548582804389,0.0004442960489541,8.795268513495103e-05,0.0001509339199401,False,0.478,0.466,0.056
1490,21.054631,44.67104,16442.45294,2015-03-07,3/10/2016,8.0,0.0004673792282119,0.0005607456550933,2.613601645862218e-05,1.9675248040584847e-05,False,0.102,0.447,0.451
1491,-64.929023,-12.842969,190581.4281,2015-02-28,3/10/2016,5.0,0.0003188602277077,0.0008317744359374,0.0002741026401054,0.0002467401500325,False,0.76,0.13,0.11
1492,-96.10583,30.908557,248620.0838,2015-03-09,3/25/2016,49.0,0.0005221865139901,0.0010048266267403,5.3122639656066895e-05,0.0002329206035938,False,0.742,0.195,0.063
1493,71.7788,33.054515,111748.3945,2015-03-13,4/13/2016,8.0,2.9795069167448673e-06,2.1976653442834504e-05,1.5147945305216126e-05,5.3730902436655015e-05,False,0.102,0.447,0.451
1494,-63.122747,-28.563259,199290.0041,2015-03-06,3/25/2016,45.0,0.0002064165601041,0.000547002069652,2.282218156324234e-05,0.0001182697378681,False,0.528,0.289,0.183
1495,-58.223535,-31.143073,518692.9326,2015-04-02,4/13/2016,39.0,0.0001166645670309,0.0004789258819073,1.138921743404353e-05,6.323109118966386e-05,False,0.039,0.764,0.197
1496,-56.194568,-32.434709,126653.1077,2015-04-13,5/11/2016,39.0,2.7045505703426898e-05,0.0001547809806652,6.535013653774513e-06,3.766939016713877e-06,False,0.039,0.764,0.197
1497,95.606788,27.463976,70517.67683,2015-04-21,5/1/2016,4.0,0.0004160411481279,0.0007353276014328,0.000192015824723,0.0003765486180782,False,0.478,0.466,0.056
1498,35.999703,-6.894272,84214.62796,2015-04-23,5/30/2016,6.0,0.0001001344353426,0.0003066700301133,1.1922955309273677e-05,5.911867992836051e-05,False,0.288,0.582,0.13
1499,47.035303,51.31452,80319.40492,2015-04-16,5/30/2016,45.0,3.796679447987117e-05,0.0001332977553829,8.454587714368245e-07,1.6902549759834071e-06,False,0.528,0.289,0.183
1500,-95.536729,30.857441,160371.3907,2015-05-27,6/24/2016,4.0,0.0005316682509146,0.0016713010845705,0.0001509762805653,0.0007494554156437,False,0.478,0.466,0.056
1501,110.032248,-7.476875,39127.44843,2015-06-18,6/24/2016,83.0,1.1926193110411988e-05,3.465489862719551e-05,1.7014381228364073e-05,1.6047843018895946e-05,False,0.272,0.43,0.298
1502,95.260379,18.315771,93839.6664,2015-06-02,8/16/2016,31.0,0.000146070466144,0.0005017182556912,1.3368289728532544e-05,0.0001153937191702,False,0.003,0.246,0.751
1503,34.242915,12.519849,39617.88447,2015-07-01,7/6/2016,86.0,0.0001615935325389,0.0006072049145586,1.25199858302949e-06,1.2858617083111312e-05,False,0.105,0.478,0.417
1504,101.075102,5.172299,36060.08545,2015-07-19,7/19/2016,4.0,0.0003562894125934,0.0009415444219484,4.58570102637168e-05,0.0001937221531989,False,0.478,0.466,0.056
1505,80.83492,22.810744,167030.2329,2015-07-08,8/3/2016,86.0,0.0004370788228698,0.0010391152463853,5.380092261475511e-05,0.0003806655877269,False,0.105,0.478,0.417
1506,32.288179,-27.594955,22841.138,2015-07-26,8/3/2016,70.0,0.000431439751992,0.0007962563540786,4.309747055231128e-06,1.76538887899369e-05,False,0.98,0.02,0.0
1507,90.039502,24.095044,45667.11169,2015-07-26,8/26/2016,31.0,0.0012299690861254,0.00199162424542,0.0012283734977245,0.0017496172804385,False,0.003,0.246,0.751
1508,-77.214169,39.333933,4161.403606,2015-07-31,7/31/2016,49.0,0.0001389919343637,0.0008317229221574,6.025764832884306e-06,4.832765625906177e-05,False,0.742,0.195,0.063
1509,-91.800461,29.9879,19554.01592,2015-08-15,8/26/2016,89.0,1.9245395378675312e-05,7.886312960181385e-05,4.809551228390774e-06,4.911093583359616e-06,False,0.21,0.591,0.199
1510,96.868707,26.347448,62208.17699,2015-08-16,8/26/2016,4.0,0.0012942381436005,0.0018981959437951,0.0009995843283832,0.0016955108148977,False,0.478,0.466,0.056
1511,5.095075,15.485015,41985.86923,2015-09-15,9/22/2016,73.0,1.615810106159188e-05,0.0001208592002512,2.6648637074799808e-08,2.603065070161392e-07,False,0.779,0.151,0.07
1512,100.394655,14.866708,17187.4267,2015-10-07,10/16/2016,58.0,0.0002091089554596,0.0005065592122264,2.380201840423979e-05,0.0001753743417793,False,0.16,0.39,0.45
1513,-55.669729,-34.663688,281856.2244,2015-10-11,11/10/2016,39.0,5.560930003412068e-05,0.0001769137015799,5.9083990890940186e-06,1.696220351732336e-05,False,0.039,0.764,0.197
1514,100.753436,14.444781,67395.39205,2015-12-02,12/7/2016,4.0,2.4780574676697142e-05,0.00013681659766,8.024153430596925e-06,1.707549745333381e-05,False,0.478,0.466,0.056
1515,-59.807119,-33.770758,445992.6106,2015-12-27,1/5/2017,39.0,8.337907274835743e-06,7.282945443876088e-05,5.491490355780115e-06,1.4305829608929344e-05,False,0.039,0.764,0.197
1516,133.489083,-21.521533,1155717.36,2015-12-26,1/5/2017,72.0,0.0002343901869608,0.0008616247796453,1.7520416804472916e-05,0.00022561471269,False,0.87,0.04,0.09
1517,100.060618,7.304939,50020.10833,2016-01-01,2/7/2017,4.0,0.000297056423733,0.0008665772620588,4.624449138646014e-05,0.0002436749200569,False,0.478,0.466,0.056
1518,-122.457654,39.623615,107407.2575,2016-01-05,1/5/2017,4.0,0.0004674246592912,0.0007927892147563,3.6345256376080215e-05,9.365894948132336e-05,False,0.478,0.466,0.056
1519,-55.551237,-29.409362,386846.7376,2016-01-06,1/21/2017,91.0,0.0003424141032155,0.0008983954321593,9.247411071555688e-05,0.0002211906394222,False,0.4,0.37,0.23
1520,34.515093,-20.777836,128096.6858,2016-01-02,2/7/2017,71.0,8.279885514639318e-05,0.0003566032974049,6.086406756367069e-06,8.710754627827555e-05,False,0.91,0.025,0.065
1521,-120.824584,38.803959,126994.9854,2016-02-17,3/3/2017,41.0,1.785035419743508e-05,0.0001157444130512,3.174864832544699e-05,7.405610085697845e-05,False,0.396,0.431,0.173
1522,150.760044,-31.695612,138000.2759,2016-03-13,3/22/2017,92.0,2.7417585442890413e-05,0.0001849553227657,1.800201175683469e-06,7.942706361063756e-06,False,0.45,0.17,0.38
1523,17.046184,-20.569767,248928.2833,2016-03-09,3/22/2017,95.0,0.0001072578597813,0.0004553810867946,1.1264185104664648e-06,2.0705339920823462e-05,False,0.489,0.321,0.19
1524,90.682833,24.317835,16281.30454,2016-03-30,4/18/2017,31.0,0.0006281187525019,0.0016321468865498,7.842872582841665e-05,0.0004167261940892,False,0.003,0.246,0.751
1525,176.790204,-38.204246,23530.76016,2016-04-05,4/21/2017,84.0,0.0001381235051667,0.0003359205147717,1.2225244063301943e-05,1.7969206965062767e-05,False,0.75,0.21,0.04
1526,-67.938778,-45.953281,27377.03223,2016-04-05,4/21/2017,100.0,1.587105913358755e-08,6.688057965220651e-07,3.5269021037009907e-10,9.163161784897513e-09,False,0.732,0.216,0.052
1527,-62.627877,-27.423069,273962.6436,2016-04-05,4/21/2017,45.0,0.0004740899894386,0.0011212608078494,8.019195956876501e-05,0.0003797831304837,False,0.528,0.289,0.183
1528,37.880209,-2.878787,55027.86458,2016-05-08,5/15/2017,50.0,4.852151687373407e-05,0.0002625561901368,8.780423740972765e-06,5.472108387039043e-05,False,0.91,0.03,0.06
1529,94.938714,27.613121,65387.72833,2016-06-02,7/3/2017,4.0,0.0002698649768717,0.0006781478296034,0.0003346185549162,0.0005988790653645,False,0.478,0.466,0.056
1530,125.249498,7.76344,8703.643109,2016-06-12,6/14/2017,4.0,0.0004321429878473,0.0011125911260023,0.0001762956671882,0.0005431386525742,False,0.478,0.466,0.056
1531,-67.52709,7.835109,122334.4692,2016-08-04,8/21/2017,30.0,0.0005125460447743,0.0008467763545922,0.0002539985289331,0.000466791621875,False,0.3,0.47,0.23
1532,88.084765,22.906125,43809.39284,2016-07-27,8/10/2017,50.0,0.0004825258511118,0.0008831862942315,8.34618040244095e-05,0.0002609953226055,False,0.91,0.03,0.06
1533,105.157778,21.65766,23949.59988,2016-08-02,8/10/2017,4.0,0.0002297339669894,0.0005434496561065,0.0001168621747638,0.000175108332769,False,0.478,0.466,0.056
1534,9.920057,52.994591,25766.71846,2016-07-25,7/29/2017,66.0,5.107752076582983e-05,0.000261823501205,1.1944756806769874e-05,7.144109531509457e-06,False,0.939,0.058,0.003
1535,79.076049,28.16566,421575.2439,2016-08-10,8/26/2017,8.0,0.0004330654919613,0.0008703070925548,0.0001625399454496,0.0004702314327005,False,0.102,0.447,0.451
1536,90.014758,24.591169,100009.942,2016-08-10,8/26/2017,31.0,0.0006412341026589,0.001130148419179,0.0003025329206138,0.0005513019277714,False,0.003,0.246,0.751
1537,-57.598762,-25.311985,2924.113742,2017-01-13,1/22/2018,43.0,0.0001055323446053,0.0002872362674679,3.141827164654387e-06,3.021892553078942e-06,False,0.349,0.266,0.385
1538,-63.246465,-24.484188,234622.6382,2017-02-01,2/21/2018,43.0,7.472225115634501e-05,0.0004705124592874,7.353116416197736e-06,3.766934969462454e-05,False,0.349,0.266,0.385
1539,-64.013513,-14.405328,245647.6603,2017-02-10,2/21/2018,5.0,0.0002096470561809,0.0005310238921083,8.27699332148768e-05,0.0001629339385544,False,0.76,0.13,0.11
1540,145.217501,-17.015232,105583.266,2017-03-05,3/26/2018,27.0,0.0005266593652777,0.0013709095073863,5.780182254966349e-05,0.0003080029855482,False,0.28,0.16,0.56
1541,19.941173,40.865552,10316.9512,2017-03-07,3/14/2018,49.0,0.00042009918252,0.0007760994485579,8.011347381398082e-05,0.0001846927771111,False,0.742,0.195,0.063
1542,16.94721,44.734938,27949.77169,2017-03-10,3/14/2018,21.0,0.0001816733129089,0.0003461069136392,5.641296593239531e-05,5.9454428992467e-05,False,0.471,0.448,0.081
1543,22.53924,39.686804,4560.389906,2017-02-26,3/2/2018,41.0,7.623907004017383e-05,0.0001472287403885,7.228068625408923e-06,1.7968815882341005e-05,False,0.396,0.431,0.173
1544,118.568754,-8.497488,3938.28571,2017-03-05,3/6/2018,49.0,6.646447582170367e-05,0.0001872169668786,3.471330273896456e-05,5.637235881295055e-05,False,0.742,0.195,0.063
1545,16.006957,-11.247113,462991.0644,2017-03-01,3/14/2018,25.0,0.0002278920437674,0.0006567063392139,2.5872566766338423e-05,8.580689609516412e-05,False,0.16,0.08,0.76
1546,-121.121506,37.911751,51513.38479,2017-03-21,3/24/2018,43.0,0.0003814475203398,0.0008551663486286,0.0001150689058704,0.0003677564382087,False,0.349,0.266,0.385
1547,-88.11368,38.292104,58373.42937,2017-04-03,4/8/2018,53.0,0.0001887846156023,0.000666650943458,4.128363070776686e-05,0.0001053260348271,False,0.061,0.867,0.072
1548,26.671405,41.531705,12826.19554,2017-03-25,4/8/2018,49.0,1.7568652310728794e-08,2.108864123329113e-07,1.07833352558373e-06,1.6703127130313078e-06,False,0.742,0.195,0.063
1549,29.640624,-4.014862,8958.538722,2017-04-28,5/1/2018,25.0,8.73854587553069e-05,0.0002660292957443,8.697713201399893e-05,0.0001453876175219,False,0.16,0.08,0.76
1550,30.011777,-1.783994,14768.04876,2017-04-23,4/25/2018,25.0,0.0001993848709389,0.0005560896242968,4.905207970296033e-05,0.0001482498337281,False,0.16,0.08,0.76
1551,93.8747,21.9855,98881.34,2017-06-15,6/20/2018,9.0,0.0011255161371082,0.0017256264109164,0.0004148133157286,0.0011783317895606,False,0.646,0.09,0.264
1552,75.1439,33.3752,25994.04,2017-06-25,7/11/2018,40.0,7.924503734102473e-05,0.0003980799228884,6.699896039208397e-05,0.0003142465720884,False,0.8,0.15,0.05
1553,72.5706,33.3024,148548.16,2017-07-03,7/11/2018,8.0,6.218017369974405e-05,0.0002514572697691,2.282620880578179e-05,0.0001067599951056,False,0.102,0.447,0.451
1554,91.4251,47.6723,188249.04,2017-07-11,7/19/2018,40.0,1.7038759324350394e-05,0.0001016813475871,3.4828672141884458e-06,1.2539067938632796e-05,False,0.8,0.15,0.05
1555,-68.2941,2.75369,138376.07,2017-07-26,9/4/2018,28.0,0.000533276819624,0.0011847571004182,0.0003413684607949,0.0007136881467886,False,0.15,0.1,0.75
1556,94.1222,27.2914,73328.62,2017-08-02,8/10/2018,4.0,0.0008568005869165,0.0012906454503536,0.0006975883734412,0.0012037645792588,False,0.478,0.466,0.056
1557,95.4336,18.1914,46815.06,2017-07-15,8/10/2018,9.0,0.0006930470117367,0.0011403689859434,0.0003350010665599,0.0005841948441229,False,0.646,0.09,0.264
1558,8.2375,10.4748,257477.37,2017-08-20,10/2/2018,50.0,7.961530354805291e-05,0.0002997931151185,1.5097897630766964e-05,5.779967978014611e-05,False,0.91,0.03,0.06
1559,82.4309,25.7354,70859.96,2017-09-01,9/7/2018,8.0,0.0003125001094304,0.0007888998952694,0.0001072097875294,0.0002569476200733,False,0.102,0.447,0.451
1560,-1.06606,9.53755,83997.78,2017-09-01,10/2/2018,50.0,0.0002122886216966,0.0006794458022341,2.2412383259506896e-05,0.0001549999433336,False,0.91,0.03,0.06
1561,-57.0853,-25.3427,97154.2,2017-10-29,11/7/2018,4.0,0.0003103956987615,0.0010443800128996,4.723821621155366e-05,0.000254119746387,False,0.478,0.466,0.056
1562,-120.058,35.7787,72393.23,2017-12-05,12/10/2018,49.0,1.7726646319715655e-06,2.270507138746325e-05,5.671206508850446e-07,1.5430166513397126e-06,False,0.742,0.195,0.063
1563,-1.193707,53.456925,106806.8755,2011-11-21,12/18/2012,31.0,2.944663901871536e-05,0.0001045728349708,1.1604228348005565e-05,2.386487540206872e-05,False,0.003,0.246,0.751
1564,-1.511439,53.273185,126149.7944,2012-12-27,2/7/2014,31.0,0.0001915815519168,0.00042012767517,8.202458411687985e-05,7.901742355898023e-05,False,0.003,0.246,0.751
1565,-2.774857,54.986812,36750.18845,2014-12-05,1/26/2016,31.0,1.9405921193538234e-05,5.311817585607059e-05,4.12370209232904e-05,4.605011417879723e-05,False,0.003,0.246,0.751
1566,104.302485,20.673965,69855.97357,2008-05-10,7/1/2009,4.0,0.0005283277714625,0.0013982484815642,0.000173650754732,0.0006614676094613,False,0.478,0.466,0.056
1567,5.625135,49.207412,259752.8882,2002-01-01,1/8/2003,7.0,0.0001129650190705,0.0002954640367534,4.513370367931202e-05,5.6888326071202755e-05,False,0.234,0.568,0.198
